,filename,topic_1,topic_2,topic_3,topic_4,topic_5,topic_6,topic_7,topic_8,topic_9,topic_10,topic_11,topic_12
17751,Atraci_Atraci_277,0,0,1,0,0,0,0,0,0,0,0,0
17753,Atraci_Atraci_279,0,0,1,0,0,0,0,0,0,0,0,0
17985,Automattic_simplenote-electron_1294,0,0,1,0,0,0,0,0,0,0,0,0
18330,Automattic_simplenote-electron_364,0,0,1,0,0,0,0,0,0,0,0,0
23715,BoostIO_Boostnote_841,0,0,1,0,0,0,0,0,0,0,0,0
23803,BoostIO_Boostnote_965,0,0,1,0,0,0,0,0,0,0,0,0
23805,BoostIO_Boostnote_967,0,0,1,0,0,0,0,0,0,0,0,0
39014,DextApp_dext_13,0,0,1,0,0,0,0,0,0,0,0,0
39503,Dyalog_ride_207,0,0,1,0,0,0,0,0,0,0,0,0
40166,EragonJ_Kaku_344,0,0,1,0,0,0,0,0,0,0,0,0
40318,EragonJ_Kaku_79,0,0,1,0,0,0,0,0,0,0,0,0
43794,Eugeny_terminus_1176,0,0,1,0,0,0,0,0,0,0,0,0
43802,Eugeny_terminus_1183,0,0,1,0,0,0,0,0,0,0,0,0
44071,Eugeny_terminus_1732,0,0,1,0,0,0,0,0,0,0,0,0
45665,Foundry376_Mailspring_1080,0,0,1,0,0,0,0,0,0,0,0,0
45687,Foundry376_Mailspring_1101,0,0,1,0,0,0,0,0,0,0,0,0
45707,Foundry376_Mailspring_112,0,0,1,0,0,0,0,0,0,0,0,0
45769,Foundry376_Mailspring_1189,0,0,1,0,0,0,0,0,0,0,0,0
45771,Foundry376_Mailspring_1190,0,0,1,0,0,0,0,0,0,0,0,0
45831,Foundry376_Mailspring_1253,0,0,1,0,0,0,0,0,0,0,0,0
46022,Foundry376_Mailspring_1441,0,0,1,0,0,0,0,0,0,0,0,0
46040,Foundry376_Mailspring_1458,0,0,1,0,0,0,0,0,0,0,0,0
46413,Foundry376_Mailspring_1830,0,0,1,0,0,0,0,0,0,0,0,0
46947,Foundry376_Mailspring_693,0,0,1,0,0,0,0,0,0,0,0,0
47030,Foundry376_Mailspring_775,0,0,1,0,0,0,0,0,0,0,0,0
47042,Foundry376_Mailspring_786,0,0,1,0,0,0,0,0,0,0,0,0
47189,Foundry376_Mailspring_921,0,0,1,0,0,0,0,0,0,0,0,0
49320,HyunmoAhn_Tiny-Timer_11,0,0,1,0,0,0,0,0,0,0,0,0
50042,IrosTheBeggar_mStream_109,0,0,1,0,0,0,0,0,0,0,0,0
50135,IrosTheBeggar_mStream_207,0,0,1,0,0,0,0,0,0,0,0,0
50143,IrosTheBeggar_mStream_215,0,0,1,0,0,0,0,0,0,0,0,0
50200,IrosTheBeggar_mStream_56,0,0,1,0,0,0,0,0,0,0,0,0
54674,KELiON_cerebro_140,0,0,1,0,0,0,0,0,0,0,0,0
54678,KELiON_cerebro_149,0,0,1,0,0,0,0,0,0,0,0,0
54682,KELiON_cerebro_152,0,0,1,0,0,0,0,0,0,0,0,0
55538,Kong_insomnia_1126,0,0,1,0,0,0,0,0,0,0,0,0
55644,Kong_insomnia_1264,0,0,1,0,0,0,0,0,0,0,0,0
55664,Kong_insomnia_1288,0,0,1,0,0,0,0,0,0,0,0,0
55986,Kong_insomnia_1658,0,0,1,0,0,0,0,0,0,0,0,0
56038,Kong_insomnia_1719,0,0,1,0,0,0,0,0,0,0,0,0
56202,Kong_insomnia_1908,0,0,1,0,0,0,0,0,0,0,0,0
56496,Kong_insomnia_514,0,0,1,0,0,0,0,0,0,0,0,0
56538,Kong_insomnia_561,0,0,1,0,0,0,0,0,0,0,0,0
56585,Kong_insomnia_621,0,0,1,0,0,0,0,0,0,0,0,0
61422,LiskHQ_lisk-desktop_1263,0,0,1,0,0,0,0,0,0,0,0,0
61423,LiskHQ_lisk-desktop_1264,0,0,1,0,0,0,0,0,0,0,0,0
61441,LiskHQ_lisk-desktop_1296,0,0,1,0,0,0,0,0,0,0,0,0
61941,LiskHQ_lisk-desktop_2069,0,0,1,0,0,0,0,0,0,0,0,0
62604,LiskHQ_lisk-desktop_611,0,0,1,0,0,0,0,0,0,0,0,0
63584,MarshallOfSound_Google-Play-Music-Desktop-Player-UNOFFICIAL-_1181,0,0,1,0,0,0,0,0,0,0,0,0
63668,MarshallOfSound_Google-Play-Music-Desktop-Player-UNOFFICIAL-_1271,0,0,1,0,0,0,0,0,0,0,0,0
63677,MarshallOfSound_Google-Play-Music-Desktop-Player-UNOFFICIAL-_1281,0,0,1,0,0,0,0,0,0,0,0,0
63687,MarshallOfSound_Google-Play-Music-Desktop-Player-UNOFFICIAL-_1290,0,0,1,0,0,0,0,0,0,0,0,0
63705,MarshallOfSound_Google-Play-Music-Desktop-Player-UNOFFICIAL-_1308,0,0,1,0,0,0,0,0,0,0,0,0
63713,MarshallOfSound_Google-Play-Music-Desktop-Player-UNOFFICIAL-_1315,0,0,1,0,0,0,0,0,0,0,0,0
63714,MarshallOfSound_Google-Play-Music-Desktop-Player-UNOFFICIAL-_1317,0,0,1,0,0,0,0,0,0,0,0,0
63726,MarshallOfSound_Google-Play-Music-Desktop-Player-UNOFFICIAL-_1328,0,0,1,0,0,0,0,0,0,0,0,0
63731,MarshallOfSound_Google-Play-Music-Desktop-Player-UNOFFICIAL-_1332,0,0,1,0,0,0,0,0,0,0,0,0
63740,MarshallOfSound_Google-Play-Music-Desktop-Player-UNOFFICIAL-_1341,0,0,1,0,0,0,0,0,0,0,0,0
63746,MarshallOfSound_Google-Play-Music-Desktop-Player-UNOFFICIAL-_1347,0,0,1,0,0,0,0,0,0,0,0,0
63748,MarshallOfSound_Google-Play-Music-Desktop-Player-UNOFFICIAL-_1349,0,0,1,0,0,0,0,0,0,0,0,0
63760,MarshallOfSound_Google-Play-Music-Desktop-Player-UNOFFICIAL-_1361,0,0,1,0,0,0,0,0,0,0,0,0
63761,MarshallOfSound_Google-Play-Music-Desktop-Player-UNOFFICIAL-_1362,0,0,1,0,0,0,0,0,0,0,0,0
63764,MarshallOfSound_Google-Play-Music-Desktop-Player-UNOFFICIAL-_1365,0,0,1,0,0,0,0,0,0,0,0,0
63766,MarshallOfSound_Google-Play-Music-Desktop-Player-UNOFFICIAL-_1367,0,0,1,0,0,0,0,0,0,0,0,0
63782,MarshallOfSound_Google-Play-Music-Desktop-Player-UNOFFICIAL-_1384,0,0,1,0,0,0,0,0,0,0,0,0
63783,MarshallOfSound_Google-Play-Music-Desktop-Player-UNOFFICIAL-_1388,0,0,1,0,0,0,0,0,0,0,0,0
63855,MarshallOfSound_Google-Play-Music-Desktop-Player-UNOFFICIAL-_1479,0,0,1,0,0,0,0,0,0,0,0,0
64016,MarshallOfSound_Google-Play-Music-Desktop-Player-UNOFFICIAL-_1663,0,0,1,0,0,0,0,0,0,0,0,0
64142,MarshallOfSound_Google-Play-Music-Desktop-Player-UNOFFICIAL-_1836,0,0,1,0,0,0,0,0,0,0,0,0
64503,MarshallOfSound_Google-Play-Music-Desktop-Player-UNOFFICIAL-_235,0,0,1,0,0,0,0,0,0,0,0,0
64770,MarshallOfSound_Google-Play-Music-Desktop-Player-UNOFFICIAL-_2693,0,0,1,0,0,0,0,0,0,0,0,0
64987,MarshallOfSound_Google-Play-Music-Desktop-Player-UNOFFICIAL-_293,0,0,1,0,0,0,0,0,0,0,0,0
65306,MarshallOfSound_Google-Play-Music-Desktop-Player-UNOFFICIAL-_326,0,0,1,0,0,0,0,0,0,0,0,0
65326,MarshallOfSound_Google-Play-Music-Desktop-Player-UNOFFICIAL-_328,0,0,1,0,0,0,0,0,0,0,0,0
65360,MarshallOfSound_Google-Play-Music-Desktop-Player-UNOFFICIAL-_331,0,0,1,0,0,0,0,0,0,0,0,0
65449,MarshallOfSound_Google-Play-Music-Desktop-Player-UNOFFICIAL-_340,0,0,1,0,0,0,0,0,0,0,0,0
65574,MarshallOfSound_Google-Play-Music-Desktop-Player-UNOFFICIAL-_353,0,0,1,0,0,0,0,0,0,0,0,0
65579,MarshallOfSound_Google-Play-Music-Desktop-Player-UNOFFICIAL-_3535,0,0,1,0,0,0,0,0,0,0,0,0
65622,MarshallOfSound_Google-Play-Music-Desktop-Player-UNOFFICIAL-_358,0,0,1,0,0,0,0,0,0,0,0,0
65649,MarshallOfSound_Google-Play-Music-Desktop-Player-UNOFFICIAL-_361,0,0,1,0,0,0,0,0,0,0,0,0
65831,MarshallOfSound_Google-Play-Music-Desktop-Player-UNOFFICIAL-_388,0,0,1,0,0,0,0,0,0,0,0,0
65835,MarshallOfSound_Google-Play-Music-Desktop-Player-UNOFFICIAL-_392,0,0,1,0,0,0,0,0,0,0,0,0
65851,MarshallOfSound_Google-Play-Music-Desktop-Player-UNOFFICIAL-_409,0,0,1,0,0,0,0,0,0,0,0,0
65861,MarshallOfSound_Google-Play-Music-Desktop-Player-UNOFFICIAL-_418,0,0,1,0,0,0,0,0,0,0,0,0
65864,MarshallOfSound_Google-Play-Music-Desktop-Player-UNOFFICIAL-_420,0,0,1,0,0,0,0,0,0,0,0,0
65880,MarshallOfSound_Google-Play-Music-Desktop-Player-UNOFFICIAL-_437,0,0,1,0,0,0,0,0,0,0,0,0
65962,MarshallOfSound_Google-Play-Music-Desktop-Player-UNOFFICIAL-_513,0,0,1,0,0,0,0,0,0,0,0,0
65968,MarshallOfSound_Google-Play-Music-Desktop-Player-UNOFFICIAL-_519,0,0,1,0,0,0,0,0,0,0,0,0
66025,MarshallOfSound_Google-Play-Music-Desktop-Player-UNOFFICIAL-_574,0,0,1,0,0,0,0,0,0,0,0,0
66034,MarshallOfSound_Google-Play-Music-Desktop-Player-UNOFFICIAL-_582,0,0,1,0,0,0,0,0,0,0,0,0
66047,MarshallOfSound_Google-Play-Music-Desktop-Player-UNOFFICIAL-_595,0,0,1,0,0,0,0,0,0,0,0,0
66233,MarshallOfSound_Google-Play-Music-Desktop-Player-UNOFFICIAL-_770,0,0,1,0,0,0,0,0,0,0,0,0
66319,MarshallOfSound_Google-Play-Music-Desktop-Player-UNOFFICIAL-_850,0,0,1,0,0,0,0,0,0,0,0,0
66409,MarshallOfSound_Google-Play-Music-Desktop-Player-UNOFFICIAL-_944,0,0,1,0,0,0,0,0,0,0,0,0
66412,MarshallOfSound_Google-Play-Music-Desktop-Player-UNOFFICIAL-_948,0,0,1,0,0,0,0,0,0,0,0,0
70012,N0taN3rd_wail_104,0,0,1,0,0,0,0,0,0,0,0,0
73924,OpenBazaar_openbazaar-desktop_1000,0,0,1,0,0,0,0,0,0,0,0,0
74579,OpenBazaar_openbazaar-desktop_577,0,0,1,0,0,0,0,0,0,0,0,0
74818,OpenBazaar_openbazaar-desktop_953,0,0,1,0,0,0,0,0,0,0,0,0
74828,OpenBazaar_openbazaar-desktop_971,0,0,1,0,0,0,0,0,0,0,0,0
75645,Paxa_postbird_106,0,0,1,0,0,0,0,0,0,0,0,0
75677,Paxa_postbird_50,0,0,1,0,0,0,0,0,0,0,0,0
76840,PreMiD_PreMiD_351,0,0,1,0,0,0,0,0,0,0,0,0
86839,Soundnode_soundnode-app_156,0,0,1,0,0,0,0,0,0,0,0,0
87053,Soundnode_soundnode-app_503,0,0,1,0,0,0,0,0,0,0,0,0
88677,Superjo149_auryo_117,0,0,1,0,0,0,0,0,0,0,0,0
88706,Superjo149_auryo_147,0,0,1,0,0,0,0,0,0,0,0,0
88750,Superjo149_auryo_191,0,0,1,0,0,0,0,0,0,0,0,0
88798,Superjo149_auryo_244,0,0,1,0,0,0,0,0,0,0,0,0
88800,Superjo149_auryo_246,0,0,1,0,0,0,0,0,0,0,0,0
89010,TeamSQL_desktop-app_13,0,0,1,0,0,0,0,0,0,0,0,0
89161,TeamSQL_desktop-app_266,0,0,1,0,0,0,0,0,0,0,0,0
219,abahmed_Deer_123,0,0,1,0,0,0,0,0,0,0,0,0
485,advanced-rest-client_arc-electron_27,0,0,1,0,0,0,0,0,0,0,0,0
1096,anderson-arlen_cryptoseed_3,0,0,1,0,0,0,0,0,0,0,0,0
1211,angrykoala_gaucho_229,0,0,1,0,0,0,0,0,0,0,0,0
1505,appium_appium-desktop_1131,0,0,1,0,0,0,0,0,0,0,0,0
1515,appium_appium-desktop_1145,0,0,1,0,0,0,0,0,0,0,0,0
1572,appium_appium-desktop_1219,0,0,1,0,0,0,0,0,0,0,0,0
1938,appium_appium-desktop_587,0,0,1,0,0,0,0,0,0,0,0,0
2012,appium_appium-desktop_717,0,0,1,0,0,0,0,0,0,0,0,0
2015,appium_appium-desktop_722,0,0,1,0,0,0,0,0,0,0,0,0
2325,atom_atom_10014,0,0,1,0,0,0,0,0,0,0,0,0
2329,atom_atom_10019,0,0,1,0,0,0,0,0,0,0,0,0
2401,atom_atom_10099,0,0,1,0,0,0,0,0,0,0,0,0
2459,atom_atom_10156,0,0,1,0,0,0,0,0,0,0,0,0
2492,atom_atom_10189,0,0,1,0,0,0,0,0,0,0,0,0
2581,atom_atom_10300,0,0,1,0,0,0,0,0,0,0,0,0
2589,atom_atom_10308,0,0,1,0,0,0,0,0,0,0,0,0
2596,atom_atom_10315,0,0,1,0,0,0,0,0,0,0,0,0
2623,atom_atom_10350,0,0,1,0,0,0,0,0,0,0,0,0
2690,atom_atom_10432,0,0,1,0,0,0,0,0,0,0,0,0
2737,atom_atom_10481,0,0,1,0,0,0,0,0,0,0,0,0
2762,atom_atom_10506,0,0,1,0,0,0,0,0,0,0,0,0
2861,atom_atom_10612,0,0,1,0,0,0,0,0,0,0,0,0
2919,atom_atom_1068,0,0,1,0,0,0,0,0,0,0,0,0
2994,atom_atom_10761,0,0,1,0,0,0,0,0,0,0,0,0
3007,atom_atom_10776,0,0,1,0,0,0,0,0,0,0,0,0
3035,atom_atom_1081,0,0,1,0,0,0,0,0,0,0,0,0
3084,atom_atom_10875,0,0,1,0,0,0,0,0,0,0,0,0
3160,atom_atom_10966,0,0,1,0,0,0,0,0,0,0,0,0
3171,atom_atom_10979,0,0,1,0,0,0,0,0,0,0,0,0
3192,atom_atom_11002,0,0,1,0,0,0,0,0,0,0,0,0
3211,atom_atom_1103,0,0,1,0,0,0,0,0,0,0,0,0
3240,atom_atom_11069,0,0,1,0,0,0,0,0,0,0,0,0
3261,atom_atom_1110,0,0,1,0,0,0,0,0,0,0,0,0
3265,atom_atom_11105,0,0,1,0,0,0,0,0,0,0,0,0
3301,atom_atom_11146,0,0,1,0,0,0,0,0,0,0,0,0
3337,atom_atom_11189,0,0,1,0,0,0,0,0,0,0,0,0
3381,atom_atom_11234,0,0,1,0,0,0,0,0,0,0,0,0
3423,atom_atom_11282,0,0,1,0,0,0,0,0,0,0,0,0
3536,atom_atom_11441,0,0,1,0,0,0,0,0,0,0,0,0
3575,atom_atom_11485,0,0,1,0,0,0,0,0,0,0,0,0
3594,atom_atom_11508,0,0,1,0,0,0,0,0,0,0,0,0
3633,atom_atom_11554,0,0,1,0,0,0,0,0,0,0,0,0
3654,atom_atom_11577,0,0,1,0,0,0,0,0,0,0,0,0
3672,atom_atom_11595,0,0,1,0,0,0,0,0,0,0,0,0
3682,atom_atom_11608,0,0,1,0,0,0,0,0,0,0,0,0
3701,atom_atom_11637,0,0,1,0,0,0,0,0,0,0,0,0
3744,atom_atom_11687,0,0,1,0,0,0,0,0,0,0,0,0
3746,atom_atom_11690,0,0,1,0,0,0,0,0,0,0,0,0
3748,atom_atom_11692,0,0,1,0,0,0,0,0,0,0,0,0
3756,atom_atom_11700,0,0,1,0,0,0,0,0,0,0,0,0
3757,atom_atom_11702,0,0,1,0,0,0,0,0,0,0,0,0
3761,atom_atom_11707,0,0,1,0,0,0,0,0,0,0,0,0
3775,atom_atom_11723,0,0,1,0,0,0,0,0,0,0,0,0
3789,atom_atom_11741,0,0,1,0,0,0,0,0,0,0,0,0
3792,atom_atom_11744,0,0,1,0,0,0,0,0,0,0,0,0
3793,atom_atom_11745,0,0,1,0,0,0,0,0,0,0,0,0
3803,atom_atom_11756,0,0,1,0,0,0,0,0,0,0,0,0
3807,atom_atom_11763,0,0,1,0,0,0,0,0,0,0,0,0
3811,atom_atom_11769,0,0,1,0,0,0,0,0,0,0,0,0
3815,atom_atom_11773,0,0,1,0,0,0,0,0,0,0,0,0
3816,atom_atom_11774,0,0,1,0,0,0,0,0,0,0,0,0
3841,atom_atom_11806,0,0,1,0,0,0,0,0,0,0,0,0
3860,atom_atom_11832,0,0,1,0,0,0,0,0,0,0,0,0
3870,atom_atom_11845,0,0,1,0,0,0,0,0,0,0,0,0
3875,atom_atom_11850,0,0,1,0,0,0,0,0,0,0,0,0
3887,atom_atom_11863,0,0,1,0,0,0,0,0,0,0,0,0
3907,atom_atom_11885,0,0,1,0,0,0,0,0,0,0,0,0
3952,atom_atom_11935,0,0,1,0,0,0,0,0,0,0,0,0
3968,atom_atom_11951,0,0,1,0,0,0,0,0,0,0,0,0
3995,atom_atom_11982,0,0,1,0,0,0,0,0,0,0,0,0
3996,atom_atom_11983,0,0,1,0,0,0,0,0,0,0,0,0
3997,atom_atom_11984,0,0,1,0,0,0,0,0,0,0,0,0
4007,atom_atom_11997,0,0,1,0,0,0,0,0,0,0,0,0
4034,atom_atom_12029,0,0,1,0,0,0,0,0,0,0,0,0
4035,atom_atom_12030,0,0,1,0,0,0,0,0,0,0,0,0
4044,atom_atom_12045,0,0,1,0,0,0,0,0,0,0,0,0
4050,atom_atom_12050,0,0,1,0,0,0,0,0,0,0,0,0
4051,atom_atom_12051,0,0,1,0,0,0,0,0,0,0,0,0
4052,atom_atom_12052,0,0,1,0,0,0,0,0,0,0,0,0
4055,atom_atom_12055,0,0,1,0,0,0,0,0,0,0,0,0
4059,atom_atom_12061,0,0,1,0,0,0,0,0,0,0,0,0
4067,atom_atom_12070,0,0,1,0,0,0,0,0,0,0,0,0
4074,atom_atom_12078,0,0,1,0,0,0,0,0,0,0,0,0
4077,atom_atom_12081,0,0,1,0,0,0,0,0,0,0,0,0
4080,atom_atom_12085,0,0,1,0,0,0,0,0,0,0,0,0
4100,atom_atom_12105,0,0,1,0,0,0,0,0,0,0,0,0
4103,atom_atom_12108,0,0,1,0,0,0,0,0,0,0,0,0
4107,atom_atom_12111,0,0,1,0,0,0,0,0,0,0,0,0
4143,atom_atom_12154,0,0,1,0,0,0,0,0,0,0,0,0
4155,atom_atom_12169,0,0,1,0,0,0,0,0,0,0,0,0
4162,atom_atom_12181,0,0,1,0,0,0,0,0,0,0,0,0
4164,atom_atom_12183,0,0,1,0,0,0,0,0,0,0,0,0
4184,atom_atom_12209,0,0,1,0,0,0,0,0,0,0,0,0
4191,atom_atom_12219,0,0,1,0,0,0,0,0,0,0,0,0
4200,atom_atom_12228,0,0,1,0,0,0,0,0,0,0,0,0
4201,atom_atom_12229,0,0,1,0,0,0,0,0,0,0,0,0
4218,atom_atom_12252,0,0,1,0,0,0,0,0,0,0,0,0
4237,atom_atom_12272,0,0,1,0,0,0,0,0,0,0,0,0
4244,atom_atom_12280,0,0,1,0,0,0,0,0,0,0,0,0
4247,atom_atom_12284,0,0,1,0,0,0,0,0,0,0,0,0
4248,atom_atom_12286,0,0,1,0,0,0,0,0,0,0,0,0
4249,atom_atom_12287,0,0,1,0,0,0,0,0,0,0,0,0
4252,atom_atom_12290,0,0,1,0,0,0,0,0,0,0,0,0
4253,atom_atom_12291,0,0,1,0,0,0,0,0,0,0,0,0
4254,atom_atom_12293,0,0,1,0,0,0,0,0,0,0,0,0
4255,atom_atom_12294,0,0,1,0,0,0,0,0,0,0,0,0
4284,atom_atom_12326,0,0,1,0,0,0,0,0,0,0,0,0
4285,atom_atom_12328,0,0,1,0,0,0,0,0,0,0,0,0
4318,atom_atom_12367,0,0,1,0,0,0,0,0,0,0,0,0
4322,atom_atom_12372,0,0,1,0,0,0,0,0,0,0,0,0
4344,atom_atom_12405,0,0,1,0,0,0,0,0,0,0,0,0
4345,atom_atom_12406,0,0,1,0,0,0,0,0,0,0,0,0
4347,atom_atom_12408,0,0,1,0,0,0,0,0,0,0,0,0
4354,atom_atom_12417,0,0,1,0,0,0,0,0,0,0,0,0
4371,atom_atom_12433,0,0,1,0,0,0,0,0,0,0,0,0
4374,atom_atom_12438,0,0,1,0,0,0,0,0,0,0,0,0
4377,atom_atom_12442,0,0,1,0,0,0,0,0,0,0,0,0
4378,atom_atom_12443,0,0,1,0,0,0,0,0,0,0,0,0
4380,atom_atom_12446,0,0,1,0,0,0,0,0,0,0,0,0
4381,atom_atom_12447,0,0,1,0,0,0,0,0,0,0,0,0
4391,atom_atom_12457,0,0,1,0,0,0,0,0,0,0,0,0
4399,atom_atom_12467,0,0,1,0,0,0,0,0,0,0,0,0
4410,atom_atom_12479,0,0,1,0,0,0,0,0,0,0,0,0
4419,atom_atom_12489,0,0,1,0,0,0,0,0,0,0,0,0
4421,atom_atom_12491,0,0,1,0,0,0,0,0,0,0,0,0
4422,atom_atom_12492,0,0,1,0,0,0,0,0,0,0,0,0
4423,atom_atom_12493,0,0,1,0,0,0,0,0,0,0,0,0
4432,atom_atom_12500,0,0,1,0,0,0,0,0,0,0,0,0
4440,atom_atom_12512,0,0,1,0,0,0,0,0,0,0,0,0
4442,atom_atom_12517,0,0,1,0,0,0,0,0,0,0,0,0
4445,atom_atom_12520,0,0,1,0,0,0,0,0,0,0,0,0
4448,atom_atom_12525,0,0,1,0,0,0,0,0,0,0,0,0
4451,atom_atom_12528,0,0,1,0,0,0,0,0,0,0,0,0
4457,atom_atom_12538,0,0,1,0,0,0,0,0,0,0,0,0
4460,atom_atom_12541,0,0,1,0,0,0,0,0,0,0,0,0
4462,atom_atom_12544,0,0,1,0,0,0,0,0,0,0,0,0
4463,atom_atom_12547,0,0,1,0,0,0,0,0,0,0,0,0
4464,atom_atom_12548,0,0,1,0,0,0,0,0,0,0,0,0
4465,atom_atom_12549,0,0,1,0,0,0,0,0,0,0,0,0
4468,atom_atom_12554,0,0,1,0,0,0,0,0,0,0,0,0
4481,atom_atom_12575,0,0,1,0,0,0,0,0,0,0,0,0
4486,atom_atom_12583,0,0,1,0,0,0,0,0,0,0,0,0
4487,atom_atom_12584,0,0,1,0,0,0,0,0,0,0,0,0
4504,atom_atom_12604,0,0,1,0,0,0,0,0,0,0,0,0
4513,atom_atom_12615,0,0,1,0,0,0,0,0,0,0,0,0
4540,atom_atom_12641,0,0,1,0,0,0,0,0,0,0,0,0
4543,atom_atom_12647,0,0,1,0,0,0,0,0,0,0,0,0
4544,atom_atom_12648,0,0,1,0,0,0,0,0,0,0,0,0
4547,atom_atom_12651,0,0,1,0,0,0,0,0,0,0,0,0
4576,atom_atom_12687,0,0,1,0,0,0,0,0,0,0,0,0
4580,atom_atom_12691,0,0,1,0,0,0,0,0,0,0,0,0
4583,atom_atom_12698,0,0,1,0,0,0,0,0,0,0,0,0
4584,atom_atom_12699,0,0,1,0,0,0,0,0,0,0,0,0
4586,atom_atom_12700,0,0,1,0,0,0,0,0,0,0,0,0
4587,atom_atom_12701,0,0,1,0,0,0,0,0,0,0,0,0
4598,atom_atom_12714,0,0,1,0,0,0,0,0,0,0,0,0
4600,atom_atom_12717,0,0,1,0,0,0,0,0,0,0,0,0
4610,atom_atom_12726,0,0,1,0,0,0,0,0,0,0,0,0
4611,atom_atom_12727,0,0,1,0,0,0,0,0,0,0,0,0
4615,atom_atom_12731,0,0,1,0,0,0,0,0,0,0,0,0
4619,atom_atom_12737,0,0,1,0,0,0,0,0,0,0,0,0
4624,atom_atom_12743,0,0,1,0,0,0,0,0,0,0,0,0
4626,atom_atom_12746,0,0,1,0,0,0,0,0,0,0,0,0
4627,atom_atom_12747,0,0,1,0,0,0,0,0,0,0,0,0
4631,atom_atom_12755,0,0,1,0,0,0,0,0,0,0,0,0
4633,atom_atom_12757,0,0,1,0,0,0,0,0,0,0,0,0
4637,atom_atom_12766,0,0,1,0,0,0,0,0,0,0,0,0
4643,atom_atom_12773,0,0,1,0,0,0,0,0,0,0,0,0
4646,atom_atom_12776,0,0,1,0,0,0,0,0,0,0,0,0
4656,atom_atom_12789,0,0,1,0,0,0,0,0,0,0,0,0
4657,atom_atom_12790,0,0,1,0,0,0,0,0,0,0,0,0
4658,atom_atom_12791,0,0,1,0,0,0,0,0,0,0,0,0
4660,atom_atom_12795,0,0,1,0,0,0,0,0,0,0,0,0
4666,atom_atom_12803,0,0,1,0,0,0,0,0,0,0,0,0
4669,atom_atom_12813,0,0,1,0,0,0,0,0,0,0,0,0
4671,atom_atom_12816,0,0,1,0,0,0,0,0,0,0,0,0
4674,atom_atom_12826,0,0,1,0,0,0,0,0,0,0,0,0
4675,atom_atom_12828,0,0,1,0,0,0,0,0,0,0,0,0
4678,atom_atom_12835,0,0,1,0,0,0,0,0,0,0,0,0
4684,atom_atom_12847,0,0,1,0,0,0,0,0,0,0,0,0
4689,atom_atom_12852,0,0,1,0,0,0,0,0,0,0,0,0
4693,atom_atom_12858,0,0,1,0,0,0,0,0,0,0,0,0
4697,atom_atom_12862,0,0,1,0,0,0,0,0,0,0,0,0
4698,atom_atom_12864,0,0,1,0,0,0,0,0,0,0,0,0
4699,atom_atom_12865,0,0,1,0,0,0,0,0,0,0,0,0
4702,atom_atom_12870,0,0,1,0,0,0,0,0,0,0,0,0
4704,atom_atom_12873,0,0,1,0,0,0,0,0,0,0,0,0
4708,atom_atom_12877,0,0,1,0,0,0,0,0,0,0,0,0
4710,atom_atom_12879,0,0,1,0,0,0,0,0,0,0,0,0
4714,atom_atom_12882,0,0,1,0,0,0,0,0,0,0,0,0
4718,atom_atom_12888,0,0,1,0,0,0,0,0,0,0,0,0
4726,atom_atom_129,0,0,1,0,0,0,0,0,0,0,0,0
4728,atom_atom_12900,0,0,1,0,0,0,0,0,0,0,0,0
4729,atom_atom_12901,0,0,1,0,0,0,0,0,0,0,0,0
4730,atom_atom_12902,0,0,1,0,0,0,0,0,0,0,0,0
4737,atom_atom_12910,0,0,1,0,0,0,0,0,0,0,0,0
4742,atom_atom_12919,0,0,1,0,0,0,0,0,0,0,0,0
4744,atom_atom_12921,0,0,1,0,0,0,0,0,0,0,0,0
4745,atom_atom_12923,0,0,1,0,0,0,0,0,0,0,0,0
4747,atom_atom_12928,0,0,1,0,0,0,0,0,0,0,0,0
4794,atom_atom_12992,0,0,1,0,0,0,0,0,0,0,0,0
4829,atom_atom_13037,0,0,1,0,0,0,0,0,0,0,0,0
4856,atom_atom_13069,0,0,1,0,0,0,0,0,0,0,0,0
4892,atom_atom_13123,0,0,1,0,0,0,0,0,0,0,0,0
4904,atom_atom_13137,0,0,1,0,0,0,0,0,0,0,0,0
4920,atom_atom_13154,0,0,1,0,0,0,0,0,0,0,0,0
4922,atom_atom_13156,0,0,1,0,0,0,0,0,0,0,0,0
4945,atom_atom_13182,0,0,1,0,0,0,0,0,0,0,0,0
4983,atom_atom_13223,0,0,1,0,0,0,0,0,0,0,0,0
4987,atom_atom_13227,0,0,1,0,0,0,0,0,0,0,0,0
5041,atom_atom_13296,0,0,1,0,0,0,0,0,0,0,0,0
5056,atom_atom_13312,0,0,1,0,0,0,0,0,0,0,0,0
5112,atom_atom_13377,0,0,1,0,0,0,0,0,0,0,0,0
5184,atom_atom_13464,0,0,1,0,0,0,0,0,0,0,0,0
5202,atom_atom_13489,0,0,1,0,0,0,0,0,0,0,0,0
5222,atom_atom_13511,0,0,1,0,0,0,0,0,0,0,0,0
5235,atom_atom_13528,0,0,1,0,0,0,0,0,0,0,0,0
5240,atom_atom_13533,0,0,1,0,0,0,0,0,0,0,0,0
5257,atom_atom_13556,0,0,1,0,0,0,0,0,0,0,0,0
5267,atom_atom_13567,0,0,1,0,0,0,0,0,0,0,0,0
5272,atom_atom_13571,0,0,1,0,0,0,0,0,0,0,0,0
5327,atom_atom_13642,0,0,1,0,0,0,0,0,0,0,0,0
5341,atom_atom_13660,0,0,1,0,0,0,0,0,0,0,0,0
5375,atom_atom_13704,0,0,1,0,0,0,0,0,0,0,0,0
5378,atom_atom_13707,0,0,1,0,0,0,0,0,0,0,0,0
5385,atom_atom_13715,0,0,1,0,0,0,0,0,0,0,0,0
5394,atom_atom_13723,0,0,1,0,0,0,0,0,0,0,0,0
5416,atom_atom_13751,0,0,1,0,0,0,0,0,0,0,0,0
5512,atom_atom_13869,0,0,1,0,0,0,0,0,0,0,0,0
5524,atom_atom_13882,0,0,1,0,0,0,0,0,0,0,0,0
5533,atom_atom_13892,0,0,1,0,0,0,0,0,0,0,0,0
5563,atom_atom_13926,0,0,1,0,0,0,0,0,0,0,0,0
5580,atom_atom_13952,0,0,1,0,0,0,0,0,0,0,0,0
5582,atom_atom_13956,0,0,1,0,0,0,0,0,0,0,0,0
5583,atom_atom_13957,0,0,1,0,0,0,0,0,0,0,0,0
5590,atom_atom_13964,0,0,1,0,0,0,0,0,0,0,0,0
5602,atom_atom_13980,0,0,1,0,0,0,0,0,0,0,0,0
5608,atom_atom_13989,0,0,1,0,0,0,0,0,0,0,0,0
5610,atom_atom_13990,0,0,1,0,0,0,0,0,0,0,0,0
5611,atom_atom_13991,0,0,1,0,0,0,0,0,0,0,0,0
5620,atom_atom_14001,0,0,1,0,0,0,0,0,0,0,0,0
5624,atom_atom_14007,0,0,1,0,0,0,0,0,0,0,0,0
5625,atom_atom_14008,0,0,1,0,0,0,0,0,0,0,0,0
5631,atom_atom_14013,0,0,1,0,0,0,0,0,0,0,0,0
5633,atom_atom_14017,0,0,1,0,0,0,0,0,0,0,0,0
5635,atom_atom_14019,0,0,1,0,0,0,0,0,0,0,0,0
5641,atom_atom_14029,0,0,1,0,0,0,0,0,0,0,0,0
5644,atom_atom_14032,0,0,1,0,0,0,0,0,0,0,0,0
5646,atom_atom_14034,0,0,1,0,0,0,0,0,0,0,0,0
5647,atom_atom_14035,0,0,1,0,0,0,0,0,0,0,0,0
5651,atom_atom_1404,0,0,1,0,0,0,0,0,0,0,0,0
5663,atom_atom_14052,0,0,1,0,0,0,0,0,0,0,0,0
5667,atom_atom_14056,0,0,1,0,0,0,0,0,0,0,0,0
5678,atom_atom_14068,0,0,1,0,0,0,0,0,0,0,0,0
5679,atom_atom_14069,0,0,1,0,0,0,0,0,0,0,0,0
5683,atom_atom_14073,0,0,1,0,0,0,0,0,0,0,0,0
5686,atom_atom_14076,0,0,1,0,0,0,0,0,0,0,0,0
5692,atom_atom_14084,0,0,1,0,0,0,0,0,0,0,0,0
5693,atom_atom_14085,0,0,1,0,0,0,0,0,0,0,0,0
5694,atom_atom_14086,0,0,1,0,0,0,0,0,0,0,0,0
5706,atom_atom_14100,0,0,1,0,0,0,0,0,0,0,0,0
5710,atom_atom_14106,0,0,1,0,0,0,0,0,0,0,0,0
5717,atom_atom_14115,0,0,1,0,0,0,0,0,0,0,0,0
5718,atom_atom_14118,0,0,1,0,0,0,0,0,0,0,0,0
5732,atom_atom_14138,0,0,1,0,0,0,0,0,0,0,0,0
5741,atom_atom_14149,0,0,1,0,0,0,0,0,0,0,0,0
5743,atom_atom_14151,0,0,1,0,0,0,0,0,0,0,0,0
5750,atom_atom_14158,0,0,1,0,0,0,0,0,0,0,0,0
5792,atom_atom_14211,0,0,1,0,0,0,0,0,0,0,0,0
5805,atom_atom_14227,0,0,1,0,0,0,0,0,0,0,0,0
5806,atom_atom_14228,0,0,1,0,0,0,0,0,0,0,0,0
5807,atom_atom_14229,0,0,1,0,0,0,0,0,0,0,0,0
5809,atom_atom_14231,0,0,1,0,0,0,0,0,0,0,0,0
5810,atom_atom_14232,0,0,1,0,0,0,0,0,0,0,0,0
5840,atom_atom_14268,0,0,1,0,0,0,0,0,0,0,0,0
5858,atom_atom_14288,0,0,1,0,0,0,0,0,0,0,0,0
5883,atom_atom_14312,0,0,1,0,0,0,0,0,0,0,0,0
5901,atom_atom_14334,0,0,1,0,0,0,0,0,0,0,0,0
5902,atom_atom_14335,0,0,1,0,0,0,0,0,0,0,0,0
5917,atom_atom_14353,0,0,1,0,0,0,0,0,0,0,0,0
5919,atom_atom_14356,0,0,1,0,0,0,0,0,0,0,0,0
5923,atom_atom_14360,0,0,1,0,0,0,0,0,0,0,0,0
5924,atom_atom_14361,0,0,1,0,0,0,0,0,0,0,0,0
5932,atom_atom_14370,0,0,1,0,0,0,0,0,0,0,0,0
5933,atom_atom_14371,0,0,1,0,0,0,0,0,0,0,0,0
5938,atom_atom_14378,0,0,1,0,0,0,0,0,0,0,0,0
5940,atom_atom_1438,0,0,1,0,0,0,0,0,0,0,0,0
5942,atom_atom_14381,0,0,1,0,0,0,0,0,0,0,0,0
5943,atom_atom_14383,0,0,1,0,0,0,0,0,0,0,0,0
5964,atom_atom_14412,0,0,1,0,0,0,0,0,0,0,0,0
5965,atom_atom_14414,0,0,1,0,0,0,0,0,0,0,0,0
5970,atom_atom_14425,0,0,1,0,0,0,0,0,0,0,0,0
5971,atom_atom_14426,0,0,1,0,0,0,0,0,0,0,0,0
5974,atom_atom_14431,0,0,1,0,0,0,0,0,0,0,0,0
5975,atom_atom_14433,0,0,1,0,0,0,0,0,0,0,0,0
5978,atom_atom_14437,0,0,1,0,0,0,0,0,0,0,0,0
5983,atom_atom_14441,0,0,1,0,0,0,0,0,0,0,0,0
5984,atom_atom_14442,0,0,1,0,0,0,0,0,0,0,0,0
5985,atom_atom_14443,0,0,1,0,0,0,0,0,0,0,0,0
5987,atom_atom_14447,0,0,1,0,0,0,0,0,0,0,0,0
5988,atom_atom_14448,0,0,1,0,0,0,0,0,0,0,0,0
5991,atom_atom_14450,0,0,1,0,0,0,0,0,0,0,0,0
5994,atom_atom_14453,0,0,1,0,0,0,0,0,0,0,0,0
5997,atom_atom_14457,0,0,1,0,0,0,0,0,0,0,0,0
6007,atom_atom_14469,0,0,1,0,0,0,0,0,0,0,0,0
6009,atom_atom_14470,0,0,1,0,0,0,0,0,0,0,0,0
6010,atom_atom_14471,0,0,1,0,0,0,0,0,0,0,0,0
6011,atom_atom_14472,0,0,1,0,0,0,0,0,0,0,0,0
6013,atom_atom_14474,0,0,1,0,0,0,0,0,0,0,0,0
6015,atom_atom_14477,0,0,1,0,0,0,0,0,0,0,0,0
6016,atom_atom_14479,0,0,1,0,0,0,0,0,0,0,0,0
6019,atom_atom_14481,0,0,1,0,0,0,0,0,0,0,0,0
6021,atom_atom_14483,0,0,1,0,0,0,0,0,0,0,0,0
6023,atom_atom_14486,0,0,1,0,0,0,0,0,0,0,0,0
6025,atom_atom_14488,0,0,1,0,0,0,0,0,0,0,0,0
6026,atom_atom_14489,0,0,1,0,0,0,0,0,0,0,0,0
6028,atom_atom_14491,0,0,1,0,0,0,0,0,0,0,0,0
6029,atom_atom_14493,0,0,1,0,0,0,0,0,0,0,0,0
6030,atom_atom_14494,0,0,1,0,0,0,0,0,0,0,0,0
6031,atom_atom_14496,0,0,1,0,0,0,0,0,0,0,0,0
6032,atom_atom_14497,0,0,1,0,0,0,0,0,0,0,0,0
6033,atom_atom_14498,0,0,1,0,0,0,0,0,0,0,0,0
6037,atom_atom_14501,0,0,1,0,0,0,0,0,0,0,0,0
6038,atom_atom_14502,0,0,1,0,0,0,0,0,0,0,0,0
6039,atom_atom_14504,0,0,1,0,0,0,0,0,0,0,0,0
6041,atom_atom_14506,0,0,1,0,0,0,0,0,0,0,0,0
6042,atom_atom_14507,0,0,1,0,0,0,0,0,0,0,0,0
6043,atom_atom_14508,0,0,1,0,0,0,0,0,0,0,0,0
6044,atom_atom_14509,0,0,1,0,0,0,0,0,0,0,0,0
6045,atom_atom_14510,0,0,1,0,0,0,0,0,0,0,0,0
6048,atom_atom_14514,0,0,1,0,0,0,0,0,0,0,0,0
6049,atom_atom_14515,0,0,1,0,0,0,0,0,0,0,0,0
6050,atom_atom_14516,0,0,1,0,0,0,0,0,0,0,0,0
6051,atom_atom_14517,0,0,1,0,0,0,0,0,0,0,0,0
6052,atom_atom_14518,0,0,1,0,0,0,0,0,0,0,0,0
6053,atom_atom_14519,0,0,1,0,0,0,0,0,0,0,0,0
6055,atom_atom_14520,0,0,1,0,0,0,0,0,0,0,0,0
6056,atom_atom_14522,0,0,1,0,0,0,0,0,0,0,0,0
6057,atom_atom_14523,0,0,1,0,0,0,0,0,0,0,0,0
6058,atom_atom_14524,0,0,1,0,0,0,0,0,0,0,0,0
6059,atom_atom_14525,0,0,1,0,0,0,0,0,0,0,0,0
6061,atom_atom_14527,0,0,1,0,0,0,0,0,0,0,0,0
6063,atom_atom_14529,0,0,1,0,0,0,0,0,0,0,0,0
6065,atom_atom_14530,0,0,1,0,0,0,0,0,0,0,0,0
6068,atom_atom_14533,0,0,1,0,0,0,0,0,0,0,0,0
6070,atom_atom_14535,0,0,1,0,0,0,0,0,0,0,0,0
6071,atom_atom_14536,0,0,1,0,0,0,0,0,0,0,0,0
6074,atom_atom_14539,0,0,1,0,0,0,0,0,0,0,0,0
6076,atom_atom_14540,0,0,1,0,0,0,0,0,0,0,0,0
6077,atom_atom_14541,0,0,1,0,0,0,0,0,0,0,0,0
6078,atom_atom_14542,0,0,1,0,0,0,0,0,0,0,0,0
6079,atom_atom_14543,0,0,1,0,0,0,0,0,0,0,0,0
6080,atom_atom_14544,0,0,1,0,0,0,0,0,0,0,0,0
6081,atom_atom_14545,0,0,1,0,0,0,0,0,0,0,0,0
6083,atom_atom_14547,0,0,1,0,0,0,0,0,0,0,0,0
6084,atom_atom_14548,0,0,1,0,0,0,0,0,0,0,0,0
6085,atom_atom_14549,0,0,1,0,0,0,0,0,0,0,0,0
6087,atom_atom_14551,0,0,1,0,0,0,0,0,0,0,0,0
6088,atom_atom_14552,0,0,1,0,0,0,0,0,0,0,0,0
6089,atom_atom_14554,0,0,1,0,0,0,0,0,0,0,0,0
6092,atom_atom_14557,0,0,1,0,0,0,0,0,0,0,0,0
6093,atom_atom_14558,0,0,1,0,0,0,0,0,0,0,0,0
6094,atom_atom_14559,0,0,1,0,0,0,0,0,0,0,0,0
6095,atom_atom_14560,0,0,1,0,0,0,0,0,0,0,0,0
6096,atom_atom_14561,0,0,1,0,0,0,0,0,0,0,0,0
6097,atom_atom_14562,0,0,1,0,0,0,0,0,0,0,0,0
6098,atom_atom_14563,0,0,1,0,0,0,0,0,0,0,0,0
6099,atom_atom_14564,0,0,1,0,0,0,0,0,0,0,0,0
6102,atom_atom_14567,0,0,1,0,0,0,0,0,0,0,0,0
6103,atom_atom_14568,0,0,1,0,0,0,0,0,0,0,0,0
6104,atom_atom_14569,0,0,1,0,0,0,0,0,0,0,0,0
6105,atom_atom_14570,0,0,1,0,0,0,0,0,0,0,0,0
6106,atom_atom_14571,0,0,1,0,0,0,0,0,0,0,0,0
6107,atom_atom_14572,0,0,1,0,0,0,0,0,0,0,0,0
6108,atom_atom_14573,0,0,1,0,0,0,0,0,0,0,0,0
6109,atom_atom_14575,0,0,1,0,0,0,0,0,0,0,0,0
6110,atom_atom_14576,0,0,1,0,0,0,0,0,0,0,0,0
6112,atom_atom_14578,0,0,1,0,0,0,0,0,0,0,0,0
6113,atom_atom_14579,0,0,1,0,0,0,0,0,0,0,0,0
6115,atom_atom_14580,0,0,1,0,0,0,0,0,0,0,0,0
6116,atom_atom_14581,0,0,1,0,0,0,0,0,0,0,0,0
6117,atom_atom_14582,0,0,1,0,0,0,0,0,0,0,0,0
6119,atom_atom_14584,0,0,1,0,0,0,0,0,0,0,0,0
6120,atom_atom_14585,0,0,1,0,0,0,0,0,0,0,0,0
6121,atom_atom_14586,0,0,1,0,0,0,0,0,0,0,0,0
6123,atom_atom_14588,0,0,1,0,0,0,0,0,0,0,0,0
6124,atom_atom_14589,0,0,1,0,0,0,0,0,0,0,0,0
6125,atom_atom_14590,0,0,1,0,0,0,0,0,0,0,0,0
6126,atom_atom_14591,0,0,1,0,0,0,0,0,0,0,0,0
6128,atom_atom_14593,0,0,1,0,0,0,0,0,0,0,0,0
6130,atom_atom_14595,0,0,1,0,0,0,0,0,0,0,0,0
6131,atom_atom_14596,0,0,1,0,0,0,0,0,0,0,0,0
6134,atom_atom_14600,0,0,1,0,0,0,0,0,0,0,0,0
6137,atom_atom_14603,0,0,1,0,0,0,0,0,0,0,0,0
6138,atom_atom_14604,0,0,1,0,0,0,0,0,0,0,0,0
6139,atom_atom_14605,0,0,1,0,0,0,0,0,0,0,0,0
6140,atom_atom_14606,0,0,1,0,0,0,0,0,0,0,0,0
6141,atom_atom_14607,0,0,1,0,0,0,0,0,0,0,0,0
6142,atom_atom_14608,0,0,1,0,0,0,0,0,0,0,0,0
6143,atom_atom_14609,0,0,1,0,0,0,0,0,0,0,0,0
6144,atom_atom_1461,0,0,1,0,0,0,0,0,0,0,0,0
6145,atom_atom_14610,0,0,1,0,0,0,0,0,0,0,0,0
6146,atom_atom_14611,0,0,1,0,0,0,0,0,0,0,0,0
6148,atom_atom_14613,0,0,1,0,0,0,0,0,0,0,0,0
6149,atom_atom_14614,0,0,1,0,0,0,0,0,0,0,0,0
6150,atom_atom_14615,0,0,1,0,0,0,0,0,0,0,0,0
6152,atom_atom_14617,0,0,1,0,0,0,0,0,0,0,0,0
6153,atom_atom_14618,0,0,1,0,0,0,0,0,0,0,0,0
6154,atom_atom_14619,0,0,1,0,0,0,0,0,0,0,0,0
6160,atom_atom_14625,0,0,1,0,0,0,0,0,0,0,0,0
6163,atom_atom_14628,0,0,1,0,0,0,0,0,0,0,0,0
6164,atom_atom_14629,0,0,1,0,0,0,0,0,0,0,0,0
6167,atom_atom_14631,0,0,1,0,0,0,0,0,0,0,0,0
6168,atom_atom_14632,0,0,1,0,0,0,0,0,0,0,0,0
6171,atom_atom_14636,0,0,1,0,0,0,0,0,0,0,0,0
6182,atom_atom_1465,0,0,1,0,0,0,0,0,0,0,0,0
6205,atom_atom_14674,0,0,1,0,0,0,0,0,0,0,0,0
6209,atom_atom_14678,0,0,1,0,0,0,0,0,0,0,0,0
6216,atom_atom_14685,0,0,1,0,0,0,0,0,0,0,0,0
6238,atom_atom_14715,0,0,1,0,0,0,0,0,0,0,0,0
6244,atom_atom_14722,0,0,1,0,0,0,0,0,0,0,0,0
6246,atom_atom_14724,0,0,1,0,0,0,0,0,0,0,0,0
6248,atom_atom_14728,0,0,1,0,0,0,0,0,0,0,0,0
6256,atom_atom_14741,0,0,1,0,0,0,0,0,0,0,0,0
6259,atom_atom_14744,0,0,1,0,0,0,0,0,0,0,0,0
6280,atom_atom_14770,0,0,1,0,0,0,0,0,0,0,0,0
6281,atom_atom_14771,0,0,1,0,0,0,0,0,0,0,0,0
6283,atom_atom_14774,0,0,1,0,0,0,0,0,0,0,0,0
6301,atom_atom_14794,0,0,1,0,0,0,0,0,0,0,0,0
6302,atom_atom_14797,0,0,1,0,0,0,0,0,0,0,0,0
6354,atom_atom_14851,0,0,1,0,0,0,0,0,0,0,0,0
6355,atom_atom_14852,0,0,1,0,0,0,0,0,0,0,0,0
6359,atom_atom_14861,0,0,1,0,0,0,0,0,0,0,0,0
6364,atom_atom_14866,0,0,1,0,0,0,0,0,0,0,0,0
6376,atom_atom_14879,0,0,1,0,0,0,0,0,0,0,0,0
6378,atom_atom_14880,0,0,1,0,0,0,0,0,0,0,0,0
6379,atom_atom_14881,0,0,1,0,0,0,0,0,0,0,0,0
6380,atom_atom_14882,0,0,1,0,0,0,0,0,0,0,0,0
6393,atom_atom_14900,0,0,1,0,0,0,0,0,0,0,0,0
6407,atom_atom_14916,0,0,1,0,0,0,0,0,0,0,0,0
6410,atom_atom_14921,0,0,1,0,0,0,0,0,0,0,0,0
6432,atom_atom_14945,0,0,1,0,0,0,0,0,0,0,0,0
6437,atom_atom_14950,0,0,1,0,0,0,0,0,0,0,0,0
6455,atom_atom_14970,0,0,1,0,0,0,0,0,0,0,0,0
6457,atom_atom_14972,0,0,1,0,0,0,0,0,0,0,0,0
6463,atom_atom_14978,0,0,1,0,0,0,0,0,0,0,0,0
6465,atom_atom_14980,0,0,1,0,0,0,0,0,0,0,0,0
6474,atom_atom_14990,0,0,1,0,0,0,0,0,0,0,0,0
6485,atom_atom_15002,0,0,1,0,0,0,0,0,0,0,0,0
6487,atom_atom_15006,0,0,1,0,0,0,0,0,0,0,0,0
6490,atom_atom_15010,0,0,1,0,0,0,0,0,0,0,0,0
6503,atom_atom_15028,0,0,1,0,0,0,0,0,0,0,0,0
6506,atom_atom_15031,0,0,1,0,0,0,0,0,0,0,0,0
6514,atom_atom_15042,0,0,1,0,0,0,0,0,0,0,0,0
6522,atom_atom_15055,0,0,1,0,0,0,0,0,0,0,0,0
6535,atom_atom_15070,0,0,1,0,0,0,0,0,0,0,0,0
6547,atom_atom_15086,0,0,1,0,0,0,0,0,0,0,0,0
6549,atom_atom_15088,0,0,1,0,0,0,0,0,0,0,0,0
6554,atom_atom_15093,0,0,1,0,0,0,0,0,0,0,0,0
6559,atom_atom_15099,0,0,1,0,0,0,0,0,0,0,0,0
6571,atom_atom_15111,0,0,1,0,0,0,0,0,0,0,0,0
6572,atom_atom_15112,0,0,1,0,0,0,0,0,0,0,0,0
6574,atom_atom_15114,0,0,1,0,0,0,0,0,0,0,0,0
6575,atom_atom_15115,0,0,1,0,0,0,0,0,0,0,0,0
6584,atom_atom_15125,0,0,1,0,0,0,0,0,0,0,0,0
6591,atom_atom_15134,0,0,1,0,0,0,0,0,0,0,0,0
6596,atom_atom_15142,0,0,1,0,0,0,0,0,0,0,0,0
6616,atom_atom_15168,0,0,1,0,0,0,0,0,0,0,0,0
6618,atom_atom_15172,0,0,1,0,0,0,0,0,0,0,0,0
6633,atom_atom_15192,0,0,1,0,0,0,0,0,0,0,0,0
6644,atom_atom_15205,0,0,1,0,0,0,0,0,0,0,0,0
6652,atom_atom_15213,0,0,1,0,0,0,0,0,0,0,0,0
6653,atom_atom_15215,0,0,1,0,0,0,0,0,0,0,0,0
6664,atom_atom_15227,0,0,1,0,0,0,0,0,0,0,0,0
6668,atom_atom_15232,0,0,1,0,0,0,0,0,0,0,0,0
6670,atom_atom_15236,0,0,1,0,0,0,0,0,0,0,0,0
6676,atom_atom_15243,0,0,1,0,0,0,0,0,0,0,0,0
6679,atom_atom_15247,0,0,1,0,0,0,0,0,0,0,0,0
6688,atom_atom_15255,0,0,1,0,0,0,0,0,0,0,0,0
6689,atom_atom_15256,0,0,1,0,0,0,0,0,0,0,0,0
6691,atom_atom_15258,0,0,1,0,0,0,0,0,0,0,0,0
6693,atom_atom_15260,0,0,1,0,0,0,0,0,0,0,0,0
6695,atom_atom_15262,0,0,1,0,0,0,0,0,0,0,0,0
6704,atom_atom_15280,0,0,1,0,0,0,0,0,0,0,0,0
6714,atom_atom_15291,0,0,1,0,0,0,0,0,0,0,0,0
6720,atom_atom_15298,0,0,1,0,0,0,0,0,0,0,0,0
6726,atom_atom_15304,0,0,1,0,0,0,0,0,0,0,0,0
6732,atom_atom_15311,0,0,1,0,0,0,0,0,0,0,0,0
6744,atom_atom_15330,0,0,1,0,0,0,0,0,0,0,0,0
6748,atom_atom_15335,0,0,1,0,0,0,0,0,0,0,0,0
6750,atom_atom_15340,0,0,1,0,0,0,0,0,0,0,0,0
6751,atom_atom_15341,0,0,1,0,0,0,0,0,0,0,0,0
6755,atom_atom_15348,0,0,1,0,0,0,0,0,0,0,0,0
6760,atom_atom_15354,0,0,1,0,0,0,0,0,0,0,0,0
6765,atom_atom_15361,0,0,1,0,0,0,0,0,0,0,0,0
6786,atom_atom_15391,0,0,1,0,0,0,0,0,0,0,0,0
6820,atom_atom_15439,0,0,1,0,0,0,0,0,0,0,0,0
6821,atom_atom_15441,0,0,1,0,0,0,0,0,0,0,0,0
6853,atom_atom_15480,0,0,1,0,0,0,0,0,0,0,0,0
6869,atom_atom_15502,0,0,1,0,0,0,0,0,0,0,0,0
6875,atom_atom_15511,0,0,1,0,0,0,0,0,0,0,0,0
6878,atom_atom_15516,0,0,1,0,0,0,0,0,0,0,0,0
6895,atom_atom_15535,0,0,1,0,0,0,0,0,0,0,0,0
6900,atom_atom_15540,0,0,1,0,0,0,0,0,0,0,0,0
6901,atom_atom_15541,0,0,1,0,0,0,0,0,0,0,0,0
6906,atom_atom_15547,0,0,1,0,0,0,0,0,0,0,0,0
6953,atom_atom_15610,0,0,1,0,0,0,0,0,0,0,0,0
6971,atom_atom_15632,0,0,1,0,0,0,0,0,0,0,0,0
6976,atom_atom_15639,0,0,1,0,0,0,0,0,0,0,0,0
6983,atom_atom_15647,0,0,1,0,0,0,0,0,0,0,0,0
6994,atom_atom_15661,0,0,1,0,0,0,0,0,0,0,0,0
6996,atom_atom_15663,0,0,1,0,0,0,0,0,0,0,0,0
7011,atom_atom_15679,0,0,1,0,0,0,0,0,0,0,0,0
7014,atom_atom_15682,0,0,1,0,0,0,0,0,0,0,0,0
7020,atom_atom_15689,0,0,1,0,0,0,0,0,0,0,0,0
7022,atom_atom_15690,0,0,1,0,0,0,0,0,0,0,0,0
7058,atom_atom_15733,0,0,1,0,0,0,0,0,0,0,0,0
7062,atom_atom_15738,0,0,1,0,0,0,0,0,0,0,0,0
7079,atom_atom_15756,0,0,1,0,0,0,0,0,0,0,0,0
7113,atom_atom_15804,0,0,1,0,0,0,0,0,0,0,0,0
7114,atom_atom_15805,0,0,1,0,0,0,0,0,0,0,0,0
7119,atom_atom_15813,0,0,1,0,0,0,0,0,0,0,0,0
7132,atom_atom_15827,0,0,1,0,0,0,0,0,0,0,0,0
7136,atom_atom_15835,0,0,1,0,0,0,0,0,0,0,0,0
7146,atom_atom_15847,0,0,1,0,0,0,0,0,0,0,0,0
7150,atom_atom_15851,0,0,1,0,0,0,0,0,0,0,0,0
7154,atom_atom_15855,0,0,1,0,0,0,0,0,0,0,0,0
7164,atom_atom_15867,0,0,1,0,0,0,0,0,0,0,0,0
7166,atom_atom_15869,0,0,1,0,0,0,0,0,0,0,0,0
7180,atom_atom_15883,0,0,1,0,0,0,0,0,0,0,0,0
7201,atom_atom_15907,0,0,1,0,0,0,0,0,0,0,0,0
7212,atom_atom_15920,0,0,1,0,0,0,0,0,0,0,0,0
7219,atom_atom_15927,0,0,1,0,0,0,0,0,0,0,0,0
7223,atom_atom_15931,0,0,1,0,0,0,0,0,0,0,0,0
7224,atom_atom_15932,0,0,1,0,0,0,0,0,0,0,0,0
7253,atom_atom_15971,0,0,1,0,0,0,0,0,0,0,0,0
7255,atom_atom_15978,0,0,1,0,0,0,0,0,0,0,0,0
7259,atom_atom_15982,0,0,1,0,0,0,0,0,0,0,0,0
7261,atom_atom_15984,0,0,1,0,0,0,0,0,0,0,0,0
7263,atom_atom_15986,0,0,1,0,0,0,0,0,0,0,0,0
7267,atom_atom_15992,0,0,1,0,0,0,0,0,0,0,0,0
7274,atom_atom_16003,0,0,1,0,0,0,0,0,0,0,0,0
7280,atom_atom_16010,0,0,1,0,0,0,0,0,0,0,0,0
7288,atom_atom_16021,0,0,1,0,0,0,0,0,0,0,0,0
7322,atom_atom_16069,0,0,1,0,0,0,0,0,0,0,0,0
7331,atom_atom_16084,0,0,1,0,0,0,0,0,0,0,0,0
7361,atom_atom_16125,0,0,1,0,0,0,0,0,0,0,0,0
7368,atom_atom_16132,0,0,1,0,0,0,0,0,0,0,0,0
7369,atom_atom_16133,0,0,1,0,0,0,0,0,0,0,0,0
7371,atom_atom_16135,0,0,1,0,0,0,0,0,0,0,0,0
7372,atom_atom_16136,0,0,1,0,0,0,0,0,0,0,0,0
7380,atom_atom_16147,0,0,1,0,0,0,0,0,0,0,0,0
7393,atom_atom_16164,0,0,1,0,0,0,0,0,0,0,0,0
7398,atom_atom_16169,0,0,1,0,0,0,0,0,0,0,0,0
7406,atom_atom_16179,0,0,1,0,0,0,0,0,0,0,0,0
7425,atom_atom_16203,0,0,1,0,0,0,0,0,0,0,0,0
7435,atom_atom_16216,0,0,1,0,0,0,0,0,0,0,0,0
7436,atom_atom_16217,0,0,1,0,0,0,0,0,0,0,0,0
7464,atom_atom_16252,0,0,1,0,0,0,0,0,0,0,0,0
7479,atom_atom_16270,0,0,1,0,0,0,0,0,0,0,0,0
7481,atom_atom_16272,0,0,1,0,0,0,0,0,0,0,0,0
7488,atom_atom_16279,0,0,1,0,0,0,0,0,0,0,0,0
7493,atom_atom_16284,0,0,1,0,0,0,0,0,0,0,0,0
7505,atom_atom_16302,0,0,1,0,0,0,0,0,0,0,0,0
7508,atom_atom_16305,0,0,1,0,0,0,0,0,0,0,0,0
7509,atom_atom_16307,0,0,1,0,0,0,0,0,0,0,0,0
7516,atom_atom_16316,0,0,1,0,0,0,0,0,0,0,0,0
7537,atom_atom_16345,0,0,1,0,0,0,0,0,0,0,0,0
7577,atom_atom_16389,0,0,1,0,0,0,0,0,0,0,0,0
7581,atom_atom_16394,0,0,1,0,0,0,0,0,0,0,0,0
7590,atom_atom_16403,0,0,1,0,0,0,0,0,0,0,0,0
7594,atom_atom_16413,0,0,1,0,0,0,0,0,0,0,0,0
7599,atom_atom_16419,0,0,1,0,0,0,0,0,0,0,0,0
7606,atom_atom_16429,0,0,1,0,0,0,0,0,0,0,0,0
7659,atom_atom_16502,0,0,1,0,0,0,0,0,0,0,0,0
7715,atom_atom_16578,0,0,1,0,0,0,0,0,0,0,0,0
7719,atom_atom_16581,0,0,1,0,0,0,0,0,0,0,0,0
7723,atom_atom_16587,0,0,1,0,0,0,0,0,0,0,0,0
7732,atom_atom_16600,0,0,1,0,0,0,0,0,0,0,0,0
7744,atom_atom_16613,0,0,1,0,0,0,0,0,0,0,0,0
7746,atom_atom_16615,0,0,1,0,0,0,0,0,0,0,0,0
7750,atom_atom_16622,0,0,1,0,0,0,0,0,0,0,0,0
7758,atom_atom_16631,0,0,1,0,0,0,0,0,0,0,0,0
7797,atom_atom_16674,0,0,1,0,0,0,0,0,0,0,0,0
7798,atom_atom_16676,0,0,1,0,0,0,0,0,0,0,0,0
7821,atom_atom_16699,0,0,1,0,0,0,0,0,0,0,0,0
7845,atom_atom_16724,0,0,1,0,0,0,0,0,0,0,0,0
7846,atom_atom_16725,0,0,1,0,0,0,0,0,0,0,0,0
7852,atom_atom_16732,0,0,1,0,0,0,0,0,0,0,0,0
7860,atom_atom_16741,0,0,1,0,0,0,0,0,0,0,0,0
7864,atom_atom_16749,0,0,1,0,0,0,0,0,0,0,0,0
7874,atom_atom_16762,0,0,1,0,0,0,0,0,0,0,0,0
7877,atom_atom_16767,0,0,1,0,0,0,0,0,0,0,0,0
7888,atom_atom_16779,0,0,1,0,0,0,0,0,0,0,0,0
7890,atom_atom_16781,0,0,1,0,0,0,0,0,0,0,0,0
7892,atom_atom_16783,0,0,1,0,0,0,0,0,0,0,0,0
7897,atom_atom_16788,0,0,1,0,0,0,0,0,0,0,0,0
7900,atom_atom_16790,0,0,1,0,0,0,0,0,0,0,0,0
7907,atom_atom_16800,0,0,1,0,0,0,0,0,0,0,0,0
7917,atom_atom_16815,0,0,1,0,0,0,0,0,0,0,0,0
7918,atom_atom_16816,0,0,1,0,0,0,0,0,0,0,0,0
7920,atom_atom_16818,0,0,1,0,0,0,0,0,0,0,0,0
7921,atom_atom_16819,0,0,1,0,0,0,0,0,0,0,0,0
7949,atom_atom_16854,0,0,1,0,0,0,0,0,0,0,0,0
7952,atom_atom_16857,0,0,1,0,0,0,0,0,0,0,0,0
7957,atom_atom_16862,0,0,1,0,0,0,0,0,0,0,0,0
7981,atom_atom_16892,0,0,1,0,0,0,0,0,0,0,0,0
7982,atom_atom_16893,0,0,1,0,0,0,0,0,0,0,0,0
7987,atom_atom_16898,0,0,1,0,0,0,0,0,0,0,0,0
7988,atom_atom_16899,0,0,1,0,0,0,0,0,0,0,0,0
7996,atom_atom_16905,0,0,1,0,0,0,0,0,0,0,0,0
8009,atom_atom_16920,0,0,1,0,0,0,0,0,0,0,0,0
8014,atom_atom_16928,0,0,1,0,0,0,0,0,0,0,0,0
8019,atom_atom_16935,0,0,1,0,0,0,0,0,0,0,0,0
8026,atom_atom_16946,0,0,1,0,0,0,0,0,0,0,0,0
8030,atom_atom_16951,0,0,1,0,0,0,0,0,0,0,0,0
8047,atom_atom_16970,0,0,1,0,0,0,0,0,0,0,0,0
8055,atom_atom_16978,0,0,1,0,0,0,0,0,0,0,0,0
8058,atom_atom_16981,0,0,1,0,0,0,0,0,0,0,0,0
8069,atom_atom_16993,0,0,1,0,0,0,0,0,0,0,0,0
8070,atom_atom_16994,0,0,1,0,0,0,0,0,0,0,0,0
8073,atom_atom_16997,0,0,1,0,0,0,0,0,0,0,0,0
8083,atom_atom_17010,0,0,1,0,0,0,0,0,0,0,0,0
8094,atom_atom_17023,0,0,1,0,0,0,0,0,0,0,0,0
8113,atom_atom_17045,0,0,1,0,0,0,0,0,0,0,0,0
8115,atom_atom_17047,0,0,1,0,0,0,0,0,0,0,0,0
8122,atom_atom_17055,0,0,1,0,0,0,0,0,0,0,0,0
8127,atom_atom_17062,0,0,1,0,0,0,0,0,0,0,0,0
8130,atom_atom_17065,0,0,1,0,0,0,0,0,0,0,0,0
8147,atom_atom_17081,0,0,1,0,0,0,0,0,0,0,0,0
8155,atom_atom_17091,0,0,1,0,0,0,0,0,0,0,0,0
8169,atom_atom_17108,0,0,1,0,0,0,0,0,0,0,0,0
8189,atom_atom_17130,0,0,1,0,0,0,0,0,0,0,0,0
8208,atom_atom_17154,0,0,1,0,0,0,0,0,0,0,0,0
8209,atom_atom_17155,0,0,1,0,0,0,0,0,0,0,0,0
8219,atom_atom_17167,0,0,1,0,0,0,0,0,0,0,0,0
8223,atom_atom_17173,0,0,1,0,0,0,0,0,0,0,0,0
8239,atom_atom_17189,0,0,1,0,0,0,0,0,0,0,0,0
8259,atom_atom_17210,0,0,1,0,0,0,0,0,0,0,0,0
8260,atom_atom_17211,0,0,1,0,0,0,0,0,0,0,0,0
8297,atom_atom_17251,0,0,1,0,0,0,0,0,0,0,0,0
8302,atom_atom_17259,0,0,1,0,0,0,0,0,0,0,0,0
8305,atom_atom_17261,0,0,1,0,0,0,0,0,0,0,0,0
8307,atom_atom_17265,0,0,1,0,0,0,0,0,0,0,0,0
8315,atom_atom_17274,0,0,1,0,0,0,0,0,0,0,0,0
8332,atom_atom_17292,0,0,1,0,0,0,0,0,0,0,0,0
8346,atom_atom_17307,0,0,1,0,0,0,0,0,0,0,0,0
8357,atom_atom_17318,0,0,1,0,0,0,0,0,0,0,0,0
8375,atom_atom_17334,0,0,1,0,0,0,0,0,0,0,0,0
8377,atom_atom_17336,0,0,1,0,0,0,0,0,0,0,0,0
8382,atom_atom_17343,0,0,1,0,0,0,0,0,0,0,0,0
8394,atom_atom_17357,0,0,1,0,0,0,0,0,0,0,0,0
8420,atom_atom_17391,0,0,1,0,0,0,0,0,0,0,0,0
8431,atom_atom_17404,0,0,1,0,0,0,0,0,0,0,0,0
8445,atom_atom_17420,0,0,1,0,0,0,0,0,0,0,0,0
8458,atom_atom_17440,0,0,1,0,0,0,0,0,0,0,0,0
8495,atom_atom_17482,0,0,1,0,0,0,0,0,0,0,0,0
8501,atom_atom_17489,0,0,1,0,0,0,0,0,0,0,0,0
8508,atom_atom_17495,0,0,1,0,0,0,0,0,0,0,0,0
8512,atom_atom_17500,0,0,1,0,0,0,0,0,0,0,0,0
8521,atom_atom_17512,0,0,1,0,0,0,0,0,0,0,0,0
8541,atom_atom_17539,0,0,1,0,0,0,0,0,0,0,0,0
8543,atom_atom_17540,0,0,1,0,0,0,0,0,0,0,0,0
8553,atom_atom_17550,0,0,1,0,0,0,0,0,0,0,0,0
8586,atom_atom_17585,0,0,1,0,0,0,0,0,0,0,0,0
8604,atom_atom_17602,0,0,1,0,0,0,0,0,0,0,0,0
8605,atom_atom_17605,0,0,1,0,0,0,0,0,0,0,0,0
8613,atom_atom_17615,0,0,1,0,0,0,0,0,0,0,0,0
8617,atom_atom_17622,0,0,1,0,0,0,0,0,0,0,0,0
8636,atom_atom_17643,0,0,1,0,0,0,0,0,0,0,0,0
8658,atom_atom_17665,0,0,1,0,0,0,0,0,0,0,0,0
8667,atom_atom_17676,0,0,1,0,0,0,0,0,0,0,0,0
8668,atom_atom_17678,0,0,1,0,0,0,0,0,0,0,0,0
8687,atom_atom_17705,0,0,1,0,0,0,0,0,0,0,0,0
8688,atom_atom_17707,0,0,1,0,0,0,0,0,0,0,0,0
8691,atom_atom_17710,0,0,1,0,0,0,0,0,0,0,0,0
8696,atom_atom_17715,0,0,1,0,0,0,0,0,0,0,0,0
8703,atom_atom_17728,0,0,1,0,0,0,0,0,0,0,0,0
8707,atom_atom_17732,0,0,1,0,0,0,0,0,0,0,0,0
8708,atom_atom_17735,0,0,1,0,0,0,0,0,0,0,0,0
8709,atom_atom_17737,0,0,1,0,0,0,0,0,0,0,0,0
8718,atom_atom_17753,0,0,1,0,0,0,0,0,0,0,0,0
8731,atom_atom_17767,0,0,1,0,0,0,0,0,0,0,0,0
8744,atom_atom_17785,0,0,1,0,0,0,0,0,0,0,0,0
8757,atom_atom_17802,0,0,1,0,0,0,0,0,0,0,0,0
8805,atom_atom_17865,0,0,1,0,0,0,0,0,0,0,0,0
8806,atom_atom_17867,0,0,1,0,0,0,0,0,0,0,0,0
8823,atom_atom_17888,0,0,1,0,0,0,0,0,0,0,0,0
8834,atom_atom_17905,0,0,1,0,0,0,0,0,0,0,0,0
8848,atom_atom_17922,0,0,1,0,0,0,0,0,0,0,0,0
8849,atom_atom_17927,0,0,1,0,0,0,0,0,0,0,0,0
8850,atom_atom_17928,0,0,1,0,0,0,0,0,0,0,0,0
8870,atom_atom_17951,0,0,1,0,0,0,0,0,0,0,0,0
8896,atom_atom_17986,0,0,1,0,0,0,0,0,0,0,0,0
8915,atom_atom_18008,0,0,1,0,0,0,0,0,0,0,0,0
8919,atom_atom_18011,0,0,1,0,0,0,0,0,0,0,0,0
8948,atom_atom_18046,0,0,1,0,0,0,0,0,0,0,0,0
8957,atom_atom_18057,0,0,1,0,0,0,0,0,0,0,0,0
8972,atom_atom_18081,0,0,1,0,0,0,0,0,0,0,0,0
8976,atom_atom_18085,0,0,1,0,0,0,0,0,0,0,0,0
8996,atom_atom_18113,0,0,1,0,0,0,0,0,0,0,0,0
9015,atom_atom_18133,0,0,1,0,0,0,0,0,0,0,0,0
9035,atom_atom_18155,0,0,1,0,0,0,0,0,0,0,0,0
9040,atom_atom_18160,0,0,1,0,0,0,0,0,0,0,0,0
9065,atom_atom_18194,0,0,1,0,0,0,0,0,0,0,0,0
9068,atom_atom_18199,0,0,1,0,0,0,0,0,0,0,0,0
9074,atom_atom_18205,0,0,1,0,0,0,0,0,0,0,0,0
9078,atom_atom_18210,0,0,1,0,0,0,0,0,0,0,0,0
9083,atom_atom_18215,0,0,1,0,0,0,0,0,0,0,0,0
9088,atom_atom_18223,0,0,1,0,0,0,0,0,0,0,0,0
9112,atom_atom_18251,0,0,1,0,0,0,0,0,0,0,0,0
9114,atom_atom_18253,0,0,1,0,0,0,0,0,0,0,0,0
9120,atom_atom_18267,0,0,1,0,0,0,0,0,0,0,0,0
9122,atom_atom_18269,0,0,1,0,0,0,0,0,0,0,0,0
9146,atom_atom_18293,0,0,1,0,0,0,0,0,0,0,0,0
9148,atom_atom_18295,0,0,1,0,0,0,0,0,0,0,0,0
9149,atom_atom_18296,0,0,1,0,0,0,0,0,0,0,0,0
9165,atom_atom_18317,0,0,1,0,0,0,0,0,0,0,0,0
9170,atom_atom_18323,0,0,1,0,0,0,0,0,0,0,0,0
9185,atom_atom_18343,0,0,1,0,0,0,0,0,0,0,0,0
9191,atom_atom_18350,0,0,1,0,0,0,0,0,0,0,0,0
9192,atom_atom_18351,0,0,1,0,0,0,0,0,0,0,0,0
9197,atom_atom_18358,0,0,1,0,0,0,0,0,0,0,0,0
9201,atom_atom_18361,0,0,1,0,0,0,0,0,0,0,0,0
9206,atom_atom_18370,0,0,1,0,0,0,0,0,0,0,0,0
9210,atom_atom_18378,0,0,1,0,0,0,0,0,0,0,0,0
9217,atom_atom_18386,0,0,1,0,0,0,0,0,0,0,0,0
9227,atom_atom_18399,0,0,1,0,0,0,0,0,0,0,0,0
9231,atom_atom_18402,0,0,1,0,0,0,0,0,0,0,0,0
9236,atom_atom_18408,0,0,1,0,0,0,0,0,0,0,0,0
9241,atom_atom_18413,0,0,1,0,0,0,0,0,0,0,0,0
9252,atom_atom_18426,0,0,1,0,0,0,0,0,0,0,0,0
9254,atom_atom_18428,0,0,1,0,0,0,0,0,0,0,0,0
9259,atom_atom_18432,0,0,1,0,0,0,0,0,0,0,0,0
9263,atom_atom_18440,0,0,1,0,0,0,0,0,0,0,0,0
9267,atom_atom_18448,0,0,1,0,0,0,0,0,0,0,0,0
9268,atom_atom_18449,0,0,1,0,0,0,0,0,0,0,0,0
9288,atom_atom_18473,0,0,1,0,0,0,0,0,0,0,0,0
9306,atom_atom_18493,0,0,1,0,0,0,0,0,0,0,0,0
9308,atom_atom_18495,0,0,1,0,0,0,0,0,0,0,0,0
9314,atom_atom_18503,0,0,1,0,0,0,0,0,0,0,0,0
9316,atom_atom_18505,0,0,1,0,0,0,0,0,0,0,0,0
9330,atom_atom_18526,0,0,1,0,0,0,0,0,0,0,0,0
9346,atom_atom_18543,0,0,1,0,0,0,0,0,0,0,0,0
9363,atom_atom_18566,0,0,1,0,0,0,0,0,0,0,0,0
9367,atom_atom_18571,0,0,1,0,0,0,0,0,0,0,0,0
9381,atom_atom_18585,0,0,1,0,0,0,0,0,0,0,0,0
9386,atom_atom_18590,0,0,1,0,0,0,0,0,0,0,0,0
9389,atom_atom_18593,0,0,1,0,0,0,0,0,0,0,0,0
9400,atom_atom_18609,0,0,1,0,0,0,0,0,0,0,0,0
9416,atom_atom_18627,0,0,1,0,0,0,0,0,0,0,0,0
9419,atom_atom_18632,0,0,1,0,0,0,0,0,0,0,0,0
9430,atom_atom_18647,0,0,1,0,0,0,0,0,0,0,0,0
9431,atom_atom_18648,0,0,1,0,0,0,0,0,0,0,0,0
9438,atom_atom_18657,0,0,1,0,0,0,0,0,0,0,0,0
9464,atom_atom_18692,0,0,1,0,0,0,0,0,0,0,0,0
9467,atom_atom_18696,0,0,1,0,0,0,0,0,0,0,0,0
9474,atom_atom_18706,0,0,1,0,0,0,0,0,0,0,0,0
9484,atom_atom_18725,0,0,1,0,0,0,0,0,0,0,0,0
9491,atom_atom_18731,0,0,1,0,0,0,0,0,0,0,0,0
9498,atom_atom_18739,0,0,1,0,0,0,0,0,0,0,0,0
9509,atom_atom_18755,0,0,1,0,0,0,0,0,0,0,0,0
9510,atom_atom_18756,0,0,1,0,0,0,0,0,0,0,0,0
9517,atom_atom_18767,0,0,1,0,0,0,0,0,0,0,0,0
9522,atom_atom_18771,0,0,1,0,0,0,0,0,0,0,0,0
9524,atom_atom_18774,0,0,1,0,0,0,0,0,0,0,0,0
9532,atom_atom_18783,0,0,1,0,0,0,0,0,0,0,0,0
9557,atom_atom_18813,0,0,1,0,0,0,0,0,0,0,0,0
9560,atom_atom_18818,0,0,1,0,0,0,0,0,0,0,0,0
9566,atom_atom_18828,0,0,1,0,0,0,0,0,0,0,0,0
9569,atom_atom_18831,0,0,1,0,0,0,0,0,0,0,0,0
9574,atom_atom_18837,0,0,1,0,0,0,0,0,0,0,0,0
9580,atom_atom_18843,0,0,1,0,0,0,0,0,0,0,0,0
9586,atom_atom_18851,0,0,1,0,0,0,0,0,0,0,0,0
9611,atom_atom_18883,0,0,1,0,0,0,0,0,0,0,0,0
9617,atom_atom_18892,0,0,1,0,0,0,0,0,0,0,0,0
9653,atom_atom_18942,0,0,1,0,0,0,0,0,0,0,0,0
9675,atom_atom_18969,0,0,1,0,0,0,0,0,0,0,0,0
9686,atom_atom_18979,0,0,1,0,0,0,0,0,0,0,0,0
9705,atom_atom_19004,0,0,1,0,0,0,0,0,0,0,0,0
9713,atom_atom_19017,0,0,1,0,0,0,0,0,0,0,0,0
9725,atom_atom_19040,0,0,1,0,0,0,0,0,0,0,0,0
9747,atom_atom_19070,0,0,1,0,0,0,0,0,0,0,0,0
9752,atom_atom_19078,0,0,1,0,0,0,0,0,0,0,0,0
9753,atom_atom_19079,0,0,1,0,0,0,0,0,0,0,0,0
9756,atom_atom_19081,0,0,1,0,0,0,0,0,0,0,0,0
9760,atom_atom_19086,0,0,1,0,0,0,0,0,0,0,0,0
9761,atom_atom_19087,0,0,1,0,0,0,0,0,0,0,0,0
9779,atom_atom_19108,0,0,1,0,0,0,0,0,0,0,0,0
9783,atom_atom_19114,0,0,1,0,0,0,0,0,0,0,0,0
9784,atom_atom_19115,0,0,1,0,0,0,0,0,0,0,0,0
9810,atom_atom_19156,0,0,1,0,0,0,0,0,0,0,0,0
9815,atom_atom_19163,0,0,1,0,0,0,0,0,0,0,0,0
9833,atom_atom_19194,0,0,1,0,0,0,0,0,0,0,0,0
9845,atom_atom_19213,0,0,1,0,0,0,0,0,0,0,0,0
9848,atom_atom_19216,0,0,1,0,0,0,0,0,0,0,0,0
9894,atom_atom_19304,0,0,1,0,0,0,0,0,0,0,0,0
9903,atom_atom_19313,0,0,1,0,0,0,0,0,0,0,0,0
9915,atom_atom_19332,0,0,1,0,0,0,0,0,0,0,0,0
9920,atom_atom_19341,0,0,1,0,0,0,0,0,0,0,0,0
9924,atom_atom_19351,0,0,1,0,0,0,0,0,0,0,0,0
9938,atom_atom_19369,0,0,1,0,0,0,0,0,0,0,0,0
9943,atom_atom_19378,0,0,1,0,0,0,0,0,0,0,0,0
9946,atom_atom_19380,0,0,1,0,0,0,0,0,0,0,0,0
9951,atom_atom_19388,0,0,1,0,0,0,0,0,0,0,0,0
9955,atom_atom_19393,0,0,1,0,0,0,0,0,0,0,0,0
9964,atom_atom_19407,0,0,1,0,0,0,0,0,0,0,0,0
9967,atom_atom_19413,0,0,1,0,0,0,0,0,0,0,0,0
9972,atom_atom_19421,0,0,1,0,0,0,0,0,0,0,0,0
9978,atom_atom_19430,0,0,1,0,0,0,0,0,0,0,0,0
9988,atom_atom_19447,0,0,1,0,0,0,0,0,0,0,0,0
9992,atom_atom_19454,0,0,1,0,0,0,0,0,0,0,0,0
10001,atom_atom_19470,0,0,1,0,0,0,0,0,0,0,0,0
10014,atom_atom_19490,0,0,1,0,0,0,0,0,0,0,0,0
10029,atom_atom_19519,0,0,1,0,0,0,0,0,0,0,0,0
10040,atom_atom_19542,0,0,1,0,0,0,0,0,0,0,0,0
10060,atom_atom_19574,0,0,1,0,0,0,0,0,0,0,0,0
10066,atom_atom_19585,0,0,1,0,0,0,0,0,0,0,0,0
10072,atom_atom_19595,0,0,1,0,0,0,0,0,0,0,0,0
10090,atom_atom_19627,0,0,1,0,0,0,0,0,0,0,0,0
10091,atom_atom_19628,0,0,1,0,0,0,0,0,0,0,0,0
10095,atom_atom_19631,0,0,1,0,0,0,0,0,0,0,0,0
10097,atom_atom_19633,0,0,1,0,0,0,0,0,0,0,0,0
10114,atom_atom_19651,0,0,1,0,0,0,0,0,0,0,0,0
10127,atom_atom_19667,0,0,1,0,0,0,0,0,0,0,0,0
10154,atom_atom_19700,0,0,1,0,0,0,0,0,0,0,0,0
10169,atom_atom_19717,0,0,1,0,0,0,0,0,0,0,0,0
10191,atom_atom_19745,0,0,1,0,0,0,0,0,0,0,0,0
10193,atom_atom_19747,0,0,1,0,0,0,0,0,0,0,0,0
10195,atom_atom_19750,0,0,1,0,0,0,0,0,0,0,0,0
10202,atom_atom_19762,0,0,1,0,0,0,0,0,0,0,0,0
10203,atom_atom_19764,0,0,1,0,0,0,0,0,0,0,0,0
10206,atom_atom_19767,0,0,1,0,0,0,0,0,0,0,0,0
10211,atom_atom_19774,0,0,1,0,0,0,0,0,0,0,0,0
10216,atom_atom_19781,0,0,1,0,0,0,0,0,0,0,0,0
10218,atom_atom_19783,0,0,1,0,0,0,0,0,0,0,0,0
10261,atom_atom_19842,0,0,1,0,0,0,0,0,0,0,0,0
10273,atom_atom_19854,0,0,1,0,0,0,0,0,0,0,0,0
10274,atom_atom_19855,0,0,1,0,0,0,0,0,0,0,0,0
10278,atom_atom_19861,0,0,1,0,0,0,0,0,0,0,0,0
10287,atom_atom_19875,0,0,1,0,0,0,0,0,0,0,0,0
10315,atom_atom_19918,0,0,1,0,0,0,0,0,0,0,0,0
10317,atom_atom_19923,0,0,1,0,0,0,0,0,0,0,0,0
10338,atom_atom_19950,0,0,1,0,0,0,0,0,0,0,0,0
10339,atom_atom_19954,0,0,1,0,0,0,0,0,0,0,0,0
10354,atom_atom_19970,0,0,1,0,0,0,0,0,0,0,0,0
10361,atom_atom_19979,0,0,1,0,0,0,0,0,0,0,0,0
10372,atom_atom_19994,0,0,1,0,0,0,0,0,0,0,0,0
10376,atom_atom_19999,0,0,1,0,0,0,0,0,0,0,0,0
10396,atom_atom_20020,0,0,1,0,0,0,0,0,0,0,0,0
10397,atom_atom_20021,0,0,1,0,0,0,0,0,0,0,0,0
10402,atom_atom_20027,0,0,1,0,0,0,0,0,0,0,0,0
10432,atom_atom_20059,0,0,1,0,0,0,0,0,0,0,0,0
10448,atom_atom_20076,0,0,1,0,0,0,0,0,0,0,0,0
10454,atom_atom_20082,0,0,1,0,0,0,0,0,0,0,0,0
10475,atom_atom_20106,0,0,1,0,0,0,0,0,0,0,0,0
10513,atom_atom_20150,0,0,1,0,0,0,0,0,0,0,0,0
10524,atom_atom_20163,0,0,1,0,0,0,0,0,0,0,0,0
10538,atom_atom_20179,0,0,1,0,0,0,0,0,0,0,0,0
10545,atom_atom_20186,0,0,1,0,0,0,0,0,0,0,0,0
10555,atom_atom_20197,0,0,1,0,0,0,0,0,0,0,0,0
10563,atom_atom_20206,0,0,1,0,0,0,0,0,0,0,0,0
10581,atom_atom_20229,0,0,1,0,0,0,0,0,0,0,0,0
10589,atom_atom_20239,0,0,1,0,0,0,0,0,0,0,0,0
10603,atom_atom_20254,0,0,1,0,0,0,0,0,0,0,0,0
10604,atom_atom_20255,0,0,1,0,0,0,0,0,0,0,0,0
10605,atom_atom_20256,0,0,1,0,0,0,0,0,0,0,0,0
10613,atom_atom_20263,0,0,1,0,0,0,0,0,0,0,0,0
10614,atom_atom_20264,0,0,1,0,0,0,0,0,0,0,0,0
10617,atom_atom_20267,0,0,1,0,0,0,0,0,0,0,0,0
10638,atom_atom_20291,0,0,1,0,0,0,0,0,0,0,0,0
10689,atom_atom_20340,0,0,1,0,0,0,0,0,0,0,0,0
10708,atom_atom_20365,0,0,1,0,0,0,0,0,0,0,0,0
10712,atom_atom_20369,0,0,1,0,0,0,0,0,0,0,0,0
10734,atom_atom_20391,0,0,1,0,0,0,0,0,0,0,0,0
10750,atom_atom_20410,0,0,1,0,0,0,0,0,0,0,0,0
10764,atom_atom_2043,0,0,1,0,0,0,0,0,0,0,0,0
10769,atom_atom_20436,0,0,1,0,0,0,0,0,0,0,0,0
10776,atom_atom_20442,0,0,1,0,0,0,0,0,0,0,0,0
10790,atom_atom_20460,0,0,1,0,0,0,0,0,0,0,0,0
10791,atom_atom_20461,0,0,1,0,0,0,0,0,0,0,0,0
10835,atom_atom_2098,0,0,1,0,0,0,0,0,0,0,0,0
10844,atom_atom_2107,0,0,1,0,0,0,0,0,0,0,0,0
10897,atom_atom_2180,0,0,1,0,0,0,0,0,0,0,0,0
10988,atom_atom_2291,0,0,1,0,0,0,0,0,0,0,0,0
11049,atom_atom_2374,0,0,1,0,0,0,0,0,0,0,0,0
11066,atom_atom_2404,0,0,1,0,0,0,0,0,0,0,0,0
11067,atom_atom_2405,0,0,1,0,0,0,0,0,0,0,0,0
11069,atom_atom_2407,0,0,1,0,0,0,0,0,0,0,0,0
11083,atom_atom_2422,0,0,1,0,0,0,0,0,0,0,0,0
11085,atom_atom_2425,0,0,1,0,0,0,0,0,0,0,0,0
11140,atom_atom_2491,0,0,1,0,0,0,0,0,0,0,0,0
11173,atom_atom_2537,0,0,1,0,0,0,0,0,0,0,0,0
11179,atom_atom_2543,0,0,1,0,0,0,0,0,0,0,0,0
11180,atom_atom_2544,0,0,1,0,0,0,0,0,0,0,0,0
11334,atom_atom_2741,0,0,1,0,0,0,0,0,0,0,0,0
11373,atom_atom_2791,0,0,1,0,0,0,0,0,0,0,0,0
11422,atom_atom_2853,0,0,1,0,0,0,0,0,0,0,0,0
11599,atom_atom_3060,0,0,1,0,0,0,0,0,0,0,0,0
11702,atom_atom_3180,0,0,1,0,0,0,0,0,0,0,0,0
11819,atom_atom_3318,0,0,1,0,0,0,0,0,0,0,0,0
11860,atom_atom_3364,0,0,1,0,0,0,0,0,0,0,0,0
11871,atom_atom_3379,0,0,1,0,0,0,0,0,0,0,0,0
11878,atom_atom_3385,0,0,1,0,0,0,0,0,0,0,0,0
11911,atom_atom_3424,0,0,1,0,0,0,0,0,0,0,0,0
12010,atom_atom_3550,0,0,1,0,0,0,0,0,0,0,0,0
12231,atom_atom_3804,0,0,1,0,0,0,0,0,0,0,0,0
12239,atom_atom_3811,0,0,1,0,0,0,0,0,0,0,0,0
12262,atom_atom_3845,0,0,1,0,0,0,0,0,0,0,0,0
12281,atom_atom_3866,0,0,1,0,0,0,0,0,0,0,0,0
12460,atom_atom_4069,0,0,1,0,0,0,0,0,0,0,0,0
12462,atom_atom_4070,0,0,1,0,0,0,0,0,0,0,0,0
12508,atom_atom_4123,0,0,1,0,0,0,0,0,0,0,0,0
12712,atom_atom_4376,0,0,1,0,0,0,0,0,0,0,0,0
12722,atom_atom_4387,0,0,1,0,0,0,0,0,0,0,0,0
12757,atom_atom_4424,0,0,1,0,0,0,0,0,0,0,0,0
12759,atom_atom_4426,0,0,1,0,0,0,0,0,0,0,0,0
12761,atom_atom_4428,0,0,1,0,0,0,0,0,0,0,0,0
12764,atom_atom_4433,0,0,1,0,0,0,0,0,0,0,0,0
12766,atom_atom_4435,0,0,1,0,0,0,0,0,0,0,0,0
12773,atom_atom_4443,0,0,1,0,0,0,0,0,0,0,0,0
12787,atom_atom_4460,0,0,1,0,0,0,0,0,0,0,0,0
12790,atom_atom_4463,0,0,1,0,0,0,0,0,0,0,0,0
12793,atom_atom_4466,0,0,1,0,0,0,0,0,0,0,0,0
12796,atom_atom_4469,0,0,1,0,0,0,0,0,0,0,0,0
12798,atom_atom_4471,0,0,1,0,0,0,0,0,0,0,0,0
12803,atom_atom_4476,0,0,1,0,0,0,0,0,0,0,0,0
12806,atom_atom_4480,0,0,1,0,0,0,0,0,0,0,0,0
12809,atom_atom_4483,0,0,1,0,0,0,0,0,0,0,0,0
12810,atom_atom_4484,0,0,1,0,0,0,0,0,0,0,0,0
12812,atom_atom_4486,0,0,1,0,0,0,0,0,0,0,0,0
12817,atom_atom_4490,0,0,1,0,0,0,0,0,0,0,0,0
12818,atom_atom_4491,0,0,1,0,0,0,0,0,0,0,0,0
12828,atom_atom_4500,0,0,1,0,0,0,0,0,0,0,0,0
12829,atom_atom_4501,0,0,1,0,0,0,0,0,0,0,0,0
12832,atom_atom_4504,0,0,1,0,0,0,0,0,0,0,0,0
12836,atom_atom_4508,0,0,1,0,0,0,0,0,0,0,0,0
12842,atom_atom_4513,0,0,1,0,0,0,0,0,0,0,0,0
12843,atom_atom_4514,0,0,1,0,0,0,0,0,0,0,0,0
12844,atom_atom_4515,0,0,1,0,0,0,0,0,0,0,0,0
12853,atom_atom_4523,0,0,1,0,0,0,0,0,0,0,0,0
12863,atom_atom_4533,0,0,1,0,0,0,0,0,0,0,0,0
12869,atom_atom_4540,0,0,1,0,0,0,0,0,0,0,0,0
12875,atom_atom_4546,0,0,1,0,0,0,0,0,0,0,0,0
12878,atom_atom_4549,0,0,1,0,0,0,0,0,0,0,0,0
12883,atom_atom_4555,0,0,1,0,0,0,0,0,0,0,0,0
12897,atom_atom_4572,0,0,1,0,0,0,0,0,0,0,0,0
12904,atom_atom_4579,0,0,1,0,0,0,0,0,0,0,0,0
12906,atom_atom_4580,0,0,1,0,0,0,0,0,0,0,0,0
12907,atom_atom_4582,0,0,1,0,0,0,0,0,0,0,0,0
12919,atom_atom_4594,0,0,1,0,0,0,0,0,0,0,0,0
12927,atom_atom_4604,0,0,1,0,0,0,0,0,0,0,0,0
12931,atom_atom_4609,0,0,1,0,0,0,0,0,0,0,0,0
12935,atom_atom_4612,0,0,1,0,0,0,0,0,0,0,0,0
12941,atom_atom_4618,0,0,1,0,0,0,0,0,0,0,0,0
12942,atom_atom_4619,0,0,1,0,0,0,0,0,0,0,0,0
12945,atom_atom_4622,0,0,1,0,0,0,0,0,0,0,0,0
12951,atom_atom_4629,0,0,1,0,0,0,0,0,0,0,0,0
12966,atom_atom_4645,0,0,1,0,0,0,0,0,0,0,0,0
12970,atom_atom_4649,0,0,1,0,0,0,0,0,0,0,0,0
12973,atom_atom_4651,0,0,1,0,0,0,0,0,0,0,0,0
12985,atom_atom_4664,0,0,1,0,0,0,0,0,0,0,0,0
12991,atom_atom_4670,0,0,1,0,0,0,0,0,0,0,0,0
13029,atom_atom_4710,0,0,1,0,0,0,0,0,0,0,0,0
13030,atom_atom_4711,0,0,1,0,0,0,0,0,0,0,0,0
13063,atom_atom_4749,0,0,1,0,0,0,0,0,0,0,0,0
13066,atom_atom_4752,0,0,1,0,0,0,0,0,0,0,0,0
13080,atom_atom_4768,0,0,1,0,0,0,0,0,0,0,0,0
13087,atom_atom_4775,0,0,1,0,0,0,0,0,0,0,0,0
13101,atom_atom_4790,0,0,1,0,0,0,0,0,0,0,0,0
13127,atom_atom_4820,0,0,1,0,0,0,0,0,0,0,0,0
13128,atom_atom_4821,0,0,1,0,0,0,0,0,0,0,0,0
13146,atom_atom_4841,0,0,1,0,0,0,0,0,0,0,0,0
13152,atom_atom_4847,0,0,1,0,0,0,0,0,0,0,0,0
13174,atom_atom_4869,0,0,1,0,0,0,0,0,0,0,0,0
13181,atom_atom_4875,0,0,1,0,0,0,0,0,0,0,0,0
13196,atom_atom_4891,0,0,1,0,0,0,0,0,0,0,0,0
13204,atom_atom_4900,0,0,1,0,0,0,0,0,0,0,0,0
13244,atom_atom_4942,0,0,1,0,0,0,0,0,0,0,0,0
13247,atom_atom_4945,0,0,1,0,0,0,0,0,0,0,0,0
13256,atom_atom_4953,0,0,1,0,0,0,0,0,0,0,0,0
13259,atom_atom_4957,0,0,1,0,0,0,0,0,0,0,0,0
13260,atom_atom_4958,0,0,1,0,0,0,0,0,0,0,0,0
13261,atom_atom_4959,0,0,1,0,0,0,0,0,0,0,0,0
13286,atom_atom_4985,0,0,1,0,0,0,0,0,0,0,0,0
13287,atom_atom_4986,0,0,1,0,0,0,0,0,0,0,0,0
13307,atom_atom_5004,0,0,1,0,0,0,0,0,0,0,0,0
13324,atom_atom_5022,0,0,1,0,0,0,0,0,0,0,0,0
13325,atom_atom_5023,0,0,1,0,0,0,0,0,0,0,0,0
13329,atom_atom_5027,0,0,1,0,0,0,0,0,0,0,0,0
13330,atom_atom_5028,0,0,1,0,0,0,0,0,0,0,0,0
13335,atom_atom_5034,0,0,1,0,0,0,0,0,0,0,0,0
13336,atom_atom_5035,0,0,1,0,0,0,0,0,0,0,0,0
13348,atom_atom_5048,0,0,1,0,0,0,0,0,0,0,0,0
13377,atom_atom_5081,0,0,1,0,0,0,0,0,0,0,0,0
13389,atom_atom_5093,0,0,1,0,0,0,0,0,0,0,0,0
13390,atom_atom_5094,0,0,1,0,0,0,0,0,0,0,0,0
13395,atom_atom_5099,0,0,1,0,0,0,0,0,0,0,0,0
13396,atom_atom_5100,0,0,1,0,0,0,0,0,0,0,0,0
13413,atom_atom_5121,0,0,1,0,0,0,0,0,0,0,0,0
13414,atom_atom_5122,0,0,1,0,0,0,0,0,0,0,0,0
13425,atom_atom_5133,0,0,1,0,0,0,0,0,0,0,0,0
13427,atom_atom_5135,0,0,1,0,0,0,0,0,0,0,0,0
13435,atom_atom_5142,0,0,1,0,0,0,0,0,0,0,0,0
13518,atom_atom_5230,0,0,1,0,0,0,0,0,0,0,0,0
13519,atom_atom_5231,0,0,1,0,0,0,0,0,0,0,0,0
13521,atom_atom_5233,0,0,1,0,0,0,0,0,0,0,0,0
13538,atom_atom_5250,0,0,1,0,0,0,0,0,0,0,0,0
13568,atom_atom_5283,0,0,1,0,0,0,0,0,0,0,0,0
13569,atom_atom_5284,0,0,1,0,0,0,0,0,0,0,0,0
13585,atom_atom_530,0,0,1,0,0,0,0,0,0,0,0,0
13593,atom_atom_5309,0,0,1,0,0,0,0,0,0,0,0,0
13596,atom_atom_5311,0,0,1,0,0,0,0,0,0,0,0,0
13622,atom_atom_5349,0,0,1,0,0,0,0,0,0,0,0,0
13640,atom_atom_5366,0,0,1,0,0,0,0,0,0,0,0,0
13656,atom_atom_5383,0,0,1,0,0,0,0,0,0,0,0,0
13661,atom_atom_5389,0,0,1,0,0,0,0,0,0,0,0,0
13673,atom_atom_5402,0,0,1,0,0,0,0,0,0,0,0,0
13688,atom_atom_5422,0,0,1,0,0,0,0,0,0,0,0,0
13697,atom_atom_5437,0,0,1,0,0,0,0,0,0,0,0,0
13700,atom_atom_5441,0,0,1,0,0,0,0,0,0,0,0,0
13701,atom_atom_5442,0,0,1,0,0,0,0,0,0,0,0,0
13702,atom_atom_5443,0,0,1,0,0,0,0,0,0,0,0,0
13703,atom_atom_5444,0,0,1,0,0,0,0,0,0,0,0,0
13707,atom_atom_5450,0,0,1,0,0,0,0,0,0,0,0,0
13724,atom_atom_5468,0,0,1,0,0,0,0,0,0,0,0,0
13728,atom_atom_5472,0,0,1,0,0,0,0,0,0,0,0,0
13733,atom_atom_5478,0,0,1,0,0,0,0,0,0,0,0,0
13736,atom_atom_5480,0,0,1,0,0,0,0,0,0,0,0,0
13757,atom_atom_5504,0,0,1,0,0,0,0,0,0,0,0,0
13777,atom_atom_5527,0,0,1,0,0,0,0,0,0,0,0,0
13783,atom_atom_5536,0,0,1,0,0,0,0,0,0,0,0,0
13817,atom_atom_5571,0,0,1,0,0,0,0,0,0,0,0,0
13818,atom_atom_5572,0,0,1,0,0,0,0,0,0,0,0,0
13820,atom_atom_5575,0,0,1,0,0,0,0,0,0,0,0,0
13838,atom_atom_5594,0,0,1,0,0,0,0,0,0,0,0,0
13841,atom_atom_5597,0,0,1,0,0,0,0,0,0,0,0,0
13851,atom_atom_5609,0,0,1,0,0,0,0,0,0,0,0,0
13855,atom_atom_5613,0,0,1,0,0,0,0,0,0,0,0,0
13873,atom_atom_5635,0,0,1,0,0,0,0,0,0,0,0,0
13876,atom_atom_5638,0,0,1,0,0,0,0,0,0,0,0,0
13885,atom_atom_5649,0,0,1,0,0,0,0,0,0,0,0,0
13912,atom_atom_5676,0,0,1,0,0,0,0,0,0,0,0,0
13918,atom_atom_5684,0,0,1,0,0,0,0,0,0,0,0,0
13923,atom_atom_5689,0,0,1,0,0,0,0,0,0,0,0,0
13936,atom_atom_5702,0,0,1,0,0,0,0,0,0,0,0,0
13975,atom_atom_5747,0,0,1,0,0,0,0,0,0,0,0,0
13979,atom_atom_5751,0,0,1,0,0,0,0,0,0,0,0,0
14000,atom_atom_5776,0,0,1,0,0,0,0,0,0,0,0,0
14006,atom_atom_5781,0,0,1,0,0,0,0,0,0,0,0,0
14026,atom_atom_5802,0,0,1,0,0,0,0,0,0,0,0,0
14034,atom_atom_5811,0,0,1,0,0,0,0,0,0,0,0,0
14052,atom_atom_5836,0,0,1,0,0,0,0,0,0,0,0,0
14061,atom_atom_5849,0,0,1,0,0,0,0,0,0,0,0,0
14095,atom_atom_5890,0,0,1,0,0,0,0,0,0,0,0,0
14106,atom_atom_5905,0,0,1,0,0,0,0,0,0,0,0,0
14108,atom_atom_5907,0,0,1,0,0,0,0,0,0,0,0,0
14113,atom_atom_5912,0,0,1,0,0,0,0,0,0,0,0,0
14126,atom_atom_5925,0,0,1,0,0,0,0,0,0,0,0,0
14146,atom_atom_5950,0,0,1,0,0,0,0,0,0,0,0,0
14169,atom_atom_5978,0,0,1,0,0,0,0,0,0,0,0,0
14173,atom_atom_5981,0,0,1,0,0,0,0,0,0,0,0,0
14175,atom_atom_5983,0,0,1,0,0,0,0,0,0,0,0,0
14188,atom_atom_5997,0,0,1,0,0,0,0,0,0,0,0,0
14231,atom_atom_6049,0,0,1,0,0,0,0,0,0,0,0,0
14235,atom_atom_6054,0,0,1,0,0,0,0,0,0,0,0,0
14262,atom_atom_6089,0,0,1,0,0,0,0,0,0,0,0,0
14283,atom_atom_6116,0,0,1,0,0,0,0,0,0,0,0,0
14284,atom_atom_6117,0,0,1,0,0,0,0,0,0,0,0,0
14285,atom_atom_6118,0,0,1,0,0,0,0,0,0,0,0,0
14286,atom_atom_6119,0,0,1,0,0,0,0,0,0,0,0,0
14288,atom_atom_6121,0,0,1,0,0,0,0,0,0,0,0,0
14327,atom_atom_6161,0,0,1,0,0,0,0,0,0,0,0,0
14392,atom_atom_6235,0,0,1,0,0,0,0,0,0,0,0,0
14404,atom_atom_6253,0,0,1,0,0,0,0,0,0,0,0,0
14405,atom_atom_6254,0,0,1,0,0,0,0,0,0,0,0,0
14425,atom_atom_6276,0,0,1,0,0,0,0,0,0,0,0,0
14448,atom_atom_6301,0,0,1,0,0,0,0,0,0,0,0,0
14469,atom_atom_6321,0,0,1,0,0,0,0,0,0,0,0,0
14713,atom_atom_6611,0,0,1,0,0,0,0,0,0,0,0,0
14734,atom_atom_6630,0,0,1,0,0,0,0,0,0,0,0,0
14809,atom_atom_6717,0,0,1,0,0,0,0,0,0,0,0,0
14832,atom_atom_6741,0,0,1,0,0,0,0,0,0,0,0,0
14839,atom_atom_6753,0,0,1,0,0,0,0,0,0,0,0,0
14846,atom_atom_6763,0,0,1,0,0,0,0,0,0,0,0,0
14906,atom_atom_6831,0,0,1,0,0,0,0,0,0,0,0,0
14923,atom_atom_6851,0,0,1,0,0,0,0,0,0,0,0,0
14940,atom_atom_6870,0,0,1,0,0,0,0,0,0,0,0,0
14962,atom_atom_6899,0,0,1,0,0,0,0,0,0,0,0,0
14966,atom_atom_6903,0,0,1,0,0,0,0,0,0,0,0,0
14987,atom_atom_6926,0,0,1,0,0,0,0,0,0,0,0,0
14994,atom_atom_6932,0,0,1,0,0,0,0,0,0,0,0,0
14995,atom_atom_6933,0,0,1,0,0,0,0,0,0,0,0,0
15027,atom_atom_6969,0,0,1,0,0,0,0,0,0,0,0,0
15031,atom_atom_6973,0,0,1,0,0,0,0,0,0,0,0,0
15037,atom_atom_6982,0,0,1,0,0,0,0,0,0,0,0,0
15124,atom_atom_7091,0,0,1,0,0,0,0,0,0,0,0,0
15152,atom_atom_7118,0,0,1,0,0,0,0,0,0,0,0,0
15156,atom_atom_7124,0,0,1,0,0,0,0,0,0,0,0,0
15183,atom_atom_716,0,0,1,0,0,0,0,0,0,0,0,0
15199,atom_atom_7183,0,0,1,0,0,0,0,0,0,0,0,0
15218,atom_atom_7204,0,0,1,0,0,0,0,0,0,0,0,0
15225,atom_atom_7210,0,0,1,0,0,0,0,0,0,0,0,0
15230,atom_atom_7215,0,0,1,0,0,0,0,0,0,0,0,0
15256,atom_atom_7248,0,0,1,0,0,0,0,0,0,0,0,0
15268,atom_atom_7260,0,0,1,0,0,0,0,0,0,0,0,0
15276,atom_atom_7268,0,0,1,0,0,0,0,0,0,0,0,0
15277,atom_atom_7269,0,0,1,0,0,0,0,0,0,0,0,0
15290,atom_atom_7285,0,0,1,0,0,0,0,0,0,0,0,0
15311,atom_atom_7305,0,0,1,0,0,0,0,0,0,0,0,0
15313,atom_atom_7307,0,0,1,0,0,0,0,0,0,0,0,0
15351,atom_atom_7352,0,0,1,0,0,0,0,0,0,0,0,0
15393,atom_atom_7398,0,0,1,0,0,0,0,0,0,0,0,0
15396,atom_atom_7400,0,0,1,0,0,0,0,0,0,0,0,0
15404,atom_atom_7409,0,0,1,0,0,0,0,0,0,0,0,0
15412,atom_atom_7417,0,0,1,0,0,0,0,0,0,0,0,0
15446,atom_atom_7452,0,0,1,0,0,0,0,0,0,0,0,0
15452,atom_atom_7459,0,0,1,0,0,0,0,0,0,0,0,0
15458,atom_atom_7464,0,0,1,0,0,0,0,0,0,0,0,0
15459,atom_atom_7465,0,0,1,0,0,0,0,0,0,0,0,0
15462,atom_atom_7468,0,0,1,0,0,0,0,0,0,0,0,0
15483,atom_atom_7489,0,0,1,0,0,0,0,0,0,0,0,0
15504,atom_atom_7509,0,0,1,0,0,0,0,0,0,0,0,0
15643,atom_atom_7651,0,0,1,0,0,0,0,0,0,0,0,0
15663,atom_atom_7672,0,0,1,0,0,0,0,0,0,0,0,0
15669,atom_atom_7678,0,0,1,0,0,0,0,0,0,0,0,0
15694,atom_atom_7714,0,0,1,0,0,0,0,0,0,0,0,0
15699,atom_atom_7720,0,0,1,0,0,0,0,0,0,0,0,0
15740,atom_atom_7765,0,0,1,0,0,0,0,0,0,0,0,0
15772,atom_atom_7803,0,0,1,0,0,0,0,0,0,0,0,0
15807,atom_atom_7843,0,0,1,0,0,0,0,0,0,0,0,0
15812,atom_atom_7849,0,0,1,0,0,0,0,0,0,0,0,0
15824,atom_atom_7862,0,0,1,0,0,0,0,0,0,0,0,0
15909,atom_atom_7961,0,0,1,0,0,0,0,0,0,0,0,0
15933,atom_atom_7987,0,0,1,0,0,0,0,0,0,0,0,0
15957,atom_atom_8014,0,0,1,0,0,0,0,0,0,0,0,0
15974,atom_atom_8034,0,0,1,0,0,0,0,0,0,0,0,0
16000,atom_atom_8065,0,0,1,0,0,0,0,0,0,0,0,0
16058,atom_atom_8147,0,0,1,0,0,0,0,0,0,0,0,0
16144,atom_atom_8259,0,0,1,0,0,0,0,0,0,0,0,0
16186,atom_atom_8305,0,0,1,0,0,0,0,0,0,0,0,0
16216,atom_atom_8340,0,0,1,0,0,0,0,0,0,0,0,0
16281,atom_atom_8413,0,0,1,0,0,0,0,0,0,0,0,0
16314,atom_atom_8455,0,0,1,0,0,0,0,0,0,0,0,0
16334,atom_atom_8477,0,0,1,0,0,0,0,0,0,0,0,0
16354,atom_atom_8503,0,0,1,0,0,0,0,0,0,0,0,0
16386,atom_atom_8551,0,0,1,0,0,0,0,0,0,0,0,0
16415,atom_atom_8587,0,0,1,0,0,0,0,0,0,0,0,0
16442,atom_atom_8626,0,0,1,0,0,0,0,0,0,0,0,0
16451,atom_atom_8636,0,0,1,0,0,0,0,0,0,0,0,0
16555,atom_atom_8762,0,0,1,0,0,0,0,0,0,0,0,0
16564,atom_atom_8770,0,0,1,0,0,0,0,0,0,0,0,0
16597,atom_atom_8813,0,0,1,0,0,0,0,0,0,0,0,0
16616,atom_atom_8841,0,0,1,0,0,0,0,0,0,0,0,0
16627,atom_atom_8856,0,0,1,0,0,0,0,0,0,0,0,0
16663,atom_atom_8898,0,0,1,0,0,0,0,0,0,0,0,0
16678,atom_atom_8916,0,0,1,0,0,0,0,0,0,0,0,0
16752,atom_atom_9007,0,0,1,0,0,0,0,0,0,0,0,0
16763,atom_atom_9019,0,0,1,0,0,0,0,0,0,0,0,0
16840,atom_atom_9107,0,0,1,0,0,0,0,0,0,0,0,0
16841,atom_atom_9109,0,0,1,0,0,0,0,0,0,0,0,0
16862,atom_atom_9133,0,0,1,0,0,0,0,0,0,0,0,0
16908,atom_atom_9187,0,0,1,0,0,0,0,0,0,0,0,0
16958,atom_atom_9255,0,0,1,0,0,0,0,0,0,0,0,0
16998,atom_atom_9299,0,0,1,0,0,0,0,0,0,0,0,0
17062,atom_atom_937,0,0,1,0,0,0,0,0,0,0,0,0
17114,atom_atom_9428,0,0,1,0,0,0,0,0,0,0,0,0
17149,atom_atom_9474,0,0,1,0,0,0,0,0,0,0,0,0
17158,atom_atom_9491,0,0,1,0,0,0,0,0,0,0,0,0
17189,atom_atom_9525,0,0,1,0,0,0,0,0,0,0,0,0
17201,atom_atom_9541,0,0,1,0,0,0,0,0,0,0,0,0
17205,atom_atom_9545,0,0,1,0,0,0,0,0,0,0,0,0
17219,atom_atom_9560,0,0,1,0,0,0,0,0,0,0,0,0
17231,atom_atom_9571,0,0,1,0,0,0,0,0,0,0,0,0
17245,atom_atom_9587,0,0,1,0,0,0,0,0,0,0,0,0
17285,atom_atom_9629,0,0,1,0,0,0,0,0,0,0,0,0
17322,atom_atom_9673,0,0,1,0,0,0,0,0,0,0,0,0
17355,atom_atom_9710,0,0,1,0,0,0,0,0,0,0,0,0
17374,atom_atom_9733,0,0,1,0,0,0,0,0,0,0,0,0
17377,atom_atom_9736,0,0,1,0,0,0,0,0,0,0,0,0
17386,atom_atom_9747,0,0,1,0,0,0,0,0,0,0,0,0
17413,atom_atom_9777,0,0,1,0,0,0,0,0,0,0,0,0
17539,atom_atom_9904,0,0,1,0,0,0,0,0,0,0,0,0
17552,atom_atom_9918,0,0,1,0,0,0,0,0,0,0,0,0
17553,atom_atom_9919,0,0,1,0,0,0,0,0,0,0,0,0
17562,atom_atom_9929,0,0,1,0,0,0,0,0,0,0,0,0
17575,atom_atom_9943,0,0,1,0,0,0,0,0,0,0,0,0
18758,autonomoussoftware_metronome-wallet-desktop_18,0,0,1,0,0,0,0,0,0,0,0,0
18760,autonomoussoftware_metronome-wallet-desktop_182,0,0,1,0,0,0,0,0,0,0,0,0
18839,autonomoussoftware_metronome-wallet-desktop_319,0,0,1,0,0,0,0,0,0,0,0,0
18845,autonomoussoftware_metronome-wallet-desktop_325,0,0,1,0,0,0,0,0,0,0,0,0
18847,autonomoussoftware_metronome-wallet-desktop_327,0,0,1,0,0,0,0,0,0,0,0,0
18848,autonomoussoftware_metronome-wallet-desktop_328,0,0,1,0,0,0,0,0,0,0,0,0
18849,autonomoussoftware_metronome-wallet-desktop_329,0,0,1,0,0,0,0,0,0,0,0,0
18869,autonomoussoftware_metronome-wallet-desktop_361,0,0,1,0,0,0,0,0,0,0,0,0
18872,autonomoussoftware_metronome-wallet-desktop_365,0,0,1,0,0,0,0,0,0,0,0,0
18999,balena-io_etcher_1064,0,0,1,0,0,0,0,0,0,0,0,0
19084,balena-io_etcher_132,0,0,1,0,0,0,0,0,0,0,0,0
19103,balena-io_etcher_1381,0,0,1,0,0,0,0,0,0,0,0,0
19112,balena-io_etcher_1396,0,0,1,0,0,0,0,0,0,0,0,0
19113,balena-io_etcher_1397,0,0,1,0,0,0,0,0,0,0,0,0
19572,balena-io_etcher_2342,0,0,1,0,0,0,0,0,0,0,0,0
19669,balena-io_etcher_2518,0,0,1,0,0,0,0,0,0,0,0,0
19697,balena-io_etcher_2559,0,0,1,0,0,0,0,0,0,0,0,0
19698,balena-io_etcher_2563,0,0,1,0,0,0,0,0,0,0,0,0
19699,balena-io_etcher_2564,0,0,1,0,0,0,0,0,0,0,0,0
19703,balena-io_etcher_2568,0,0,1,0,0,0,0,0,0,0,0,0
19709,balena-io_etcher_2574,0,0,1,0,0,0,0,0,0,0,0,0
19721,balena-io_etcher_2596,0,0,1,0,0,0,0,0,0,0,0,0
19736,balena-io_etcher_2614,0,0,1,0,0,0,0,0,0,0,0,0
20062,balena-io_etcher_3063,0,0,1,0,0,0,0,0,0,0,0,0
20106,balena-io_etcher_348,0,0,1,0,0,0,0,0,0,0,0,0
20152,balena-io_etcher_507,0,0,1,0,0,0,0,0,0,0,0,0
20202,balena-io_etcher_672,0,0,1,0,0,0,0,0,0,0,0,0
20319,balena-io_etcher_96,0,0,1,0,0,0,0,0,0,0,0,0
20325,balena-io_etcher_986,0,0,1,0,0,0,0,0,0,0,0,0
20588,beakerbrowser_beaker_1260,0,0,1,0,0,0,0,0,0,0,0,0
20689,beakerbrowser_beaker_1379,0,0,1,0,0,0,0,0,0,0,0,0
20896,beakerbrowser_beaker_274,0,0,1,0,0,0,0,0,0,0,0,0
21213,beakerbrowser_beaker_765,0,0,1,0,0,0,0,0,0,0,0,0
21246,beakerbrowser_beaker_799,0,0,1,0,0,0,0,0,0,0,0,0
21331,beakerbrowser_beaker_892,0,0,1,0,0,0,0,0,0,0,0,0
21355,beakerbrowser_beaker_919,0,0,1,0,0,0,0,0,0,0,0,0
21388,beakerbrowser_beaker_953,0,0,1,0,0,0,0,0,0,0,0,0
23915,brrd_Abricotine_153,0,0,1,0,0,0,0,0,0,0,0,0
24061,brrd_Abricotine_6,0,0,1,0,0,0,0,0,0,0,0,0
24333,bunqCommunity_bunqDesktop_220,0,0,1,0,0,0,0,0,0,0,0,0
24578,bunqCommunity_bunqDesktop_484,0,0,1,0,0,0,0,0,0,0,0,0
24580,bunqCommunity_bunqDesktop_486,0,0,1,0,0,0,0,0,0,0,0,0
25551,burtonator_polar-bookshelf_578,0,0,1,0,0,0,0,0,0,0,0,0
26100,buttercup_buttercup-desktop_253,0,0,1,0,0,0,0,0,0,0,0,0
26256,buttercup_buttercup-desktop_509,0,0,1,0,0,0,0,0,0,0,0,0
26438,buttercup_buttercup-desktop_780,0,0,1,0,0,0,0,0,0,0,0,0
26453,buttercup_buttercup-desktop_798,0,0,1,0,0,0,0,0,0,0,0,0
26506,buttercup_buttercup-desktop_868,0,0,1,0,0,0,0,0,0,0,0,0
26607,carloscuesta_gitmoji_195,0,0,1,0,0,0,0,0,0,0,0,0
26818,cgrossde_Pullover_104,0,0,1,0,0,0,0,0,0,0,0,0
26820,cgrossde_Pullover_106,0,0,1,0,0,0,0,0,0,0,0,0
26821,cgrossde_Pullover_107,0,0,1,0,0,0,0,0,0,0,0,0
26847,cgrossde_Pullover_131,0,0,1,0,0,0,0,0,0,0,0,0
26872,cgrossde_Pullover_36,0,0,1,0,0,0,0,0,0,0,0,0
26900,cgrossde_Pullover_61,0,0,1,0,0,0,0,0,0,0,0,0
26914,cgrossde_Pullover_75,0,0,1,0,0,0,0,0,0,0,0,0
27138,citybound_citybound_144,0,0,1,0,0,0,0,0,0,0,0,0
27154,citybound_citybound_160,0,0,1,0,0,0,0,0,0,0,0,0
27208,citybound_citybound_233,0,0,1,0,0,0,0,0,0,0,0,0
27287,citybound_citybound_329,0,0,1,0,0,0,0,0,0,0,0,0
27334,citybound_citybound_56,0,0,1,0,0,0,0,0,0,0,0,0
27344,citybound_citybound_7,0,0,1,0,0,0,0,0,0,0,0,0
27381,cocos-creator_engine_1370,0,0,1,0,0,0,0,0,0,0,0,0
27382,cocos-creator_engine_1418,0,0,1,0,0,0,0,0,0,0,0,0
27421,cocos-creator_engine_1962,0,0,1,0,0,0,0,0,0,0,0,0
27427,cocos-creator_engine_1996,0,0,1,0,0,0,0,0,0,0,0,0
27433,cocos-creator_engine_2018,0,0,1,0,0,0,0,0,0,0,0,0
27462,cocos-creator_engine_2223,0,0,1,0,0,0,0,0,0,0,0,0
27480,cocos-creator_engine_2491,0,0,1,0,0,0,0,0,0,0,0,0
27498,cocos-creator_engine_3002,0,0,1,0,0,0,0,0,0,0,0,0
27521,cocos-creator_engine_3415,0,0,1,0,0,0,0,0,0,0,0,0
27546,cocos-creator_engine_3832,0,0,1,0,0,0,0,0,0,0,0,0
27577,cocos-creator_engine_5130,0,0,1,0,0,0,0,0,0,0,0,0
27583,cocos-creator_engine_5380,0,0,1,0,0,0,0,0,0,0,0,0
27604,cocos-creator_engine_6021,0,0,1,0,0,0,0,0,0,0,0,0
27605,cocos-creator_engine_6026,0,0,1,0,0,0,0,0,0,0,0,0
27799,coderaiser_cloudcmd_20,0,0,1,0,0,0,0,0,0,0,0,0
27803,coderaiser_cloudcmd_203,0,0,1,0,0,0,0,0,0,0,0,0
27889,coderaiser_cloudcmd_64,0,0,1,0,0,0,0,0,0,0,0,0
27963,coreybutler_fenix_43,0,0,1,0,0,0,0,0,0,0,0,0
28034,cozy-labs_cozy-desktop_1126,0,0,1,0,0,0,0,0,0,0,0,0
28085,cozy-labs_cozy-desktop_448,0,0,1,0,0,0,0,0,0,0,0,0
28226,cypress-io_cypress_1066,0,0,1,0,0,0,0,0,0,0,0,0
28246,cypress-io_cypress_109,0,0,1,0,0,0,0,0,0,0,0,0
28292,cypress-io_cypress_1142,0,0,1,0,0,0,0,0,0,0,0,0
28493,cypress-io_cypress_1362,0,0,1,0,0,0,0,0,0,0,0,0
28508,cypress-io_cypress_1379,0,0,1,0,0,0,0,0,0,0,0,0
28583,cypress-io_cypress_1457,0,0,1,0,0,0,0,0,0,0,0,0
28628,cypress-io_cypress_1502,0,0,1,0,0,0,0,0,0,0,0,0
28675,cypress-io_cypress_1553,0,0,1,0,0,0,0,0,0,0,0,0
28771,cypress-io_cypress_1669,0,0,1,0,0,0,0,0,0,0,0,0
28794,cypress-io_cypress_1693,0,0,1,0,0,0,0,0,0,0,0,0
28855,cypress-io_cypress_1762,0,0,1,0,0,0,0,0,0,0,0,0
28896,cypress-io_cypress_1814,0,0,1,0,0,0,0,0,0,0,0,0
28930,cypress-io_cypress_185,0,0,1,0,0,0,0,0,0,0,0,0
28952,cypress-io_cypress_1876,0,0,1,0,0,0,0,0,0,0,0,0
29010,cypress-io_cypress_1935,0,0,1,0,0,0,0,0,0,0,0,0
29045,cypress-io_cypress_1969,0,0,1,0,0,0,0,0,0,0,0,0
29052,cypress-io_cypress_1978,0,0,1,0,0,0,0,0,0,0,0,0
29053,cypress-io_cypress_1979,0,0,1,0,0,0,0,0,0,0,0,0
29056,cypress-io_cypress_1981,0,0,1,0,0,0,0,0,0,0,0,0
29073,cypress-io_cypress_20,0,0,1,0,0,0,0,0,0,0,0,0
29264,cypress-io_cypress_2205,0,0,1,0,0,0,0,0,0,0,0,0
29288,cypress-io_cypress_2230,0,0,1,0,0,0,0,0,0,0,0,0
29304,cypress-io_cypress_2245,0,0,1,0,0,0,0,0,0,0,0,0
29316,cypress-io_cypress_2258,0,0,1,0,0,0,0,0,0,0,0,0
29343,cypress-io_cypress_2288,0,0,1,0,0,0,0,0,0,0,0,0
29398,cypress-io_cypress_2349,0,0,1,0,0,0,0,0,0,0,0,0
29448,cypress-io_cypress_24,0,0,1,0,0,0,0,0,0,0,0,0
29527,cypress-io_cypress_2484,0,0,1,0,0,0,0,0,0,0,0,0
29532,cypress-io_cypress_2490,0,0,1,0,0,0,0,0,0,0,0,0
29621,cypress-io_cypress_258,0,0,1,0,0,0,0,0,0,0,0,0
29669,cypress-io_cypress_2638,0,0,1,0,0,0,0,0,0,0,0,0
29718,cypress-io_cypress_2687,0,0,1,0,0,0,0,0,0,0,0,0
29761,cypress-io_cypress_2737,0,0,1,0,0,0,0,0,0,0,0,0
29773,cypress-io_cypress_2750,0,0,1,0,0,0,0,0,0,0,0,0
29830,cypress-io_cypress_282,0,0,1,0,0,0,0,0,0,0,0,0
29861,cypress-io_cypress_2850,0,0,1,0,0,0,0,0,0,0,0,0
29922,cypress-io_cypress_2917,0,0,1,0,0,0,0,0,0,0,0,0
29979,cypress-io_cypress_2979,0,0,1,0,0,0,0,0,0,0,0,0
30041,cypress-io_cypress_3070,0,0,1,0,0,0,0,0,0,0,0,0
30103,cypress-io_cypress_3138,0,0,1,0,0,0,0,0,0,0,0,0
30117,cypress-io_cypress_3156,0,0,1,0,0,0,0,0,0,0,0,0
30180,cypress-io_cypress_3229,0,0,1,0,0,0,0,0,0,0,0,0
30221,cypress-io_cypress_3283,0,0,1,0,0,0,0,0,0,0,0,0
30335,cypress-io_cypress_3498,0,0,1,0,0,0,0,0,0,0,0,0
30356,cypress-io_cypress_3536,0,0,1,0,0,0,0,0,0,0,0,0
30382,cypress-io_cypress_3572,0,0,1,0,0,0,0,0,0,0,0,0
30425,cypress-io_cypress_3625,0,0,1,0,0,0,0,0,0,0,0,0
30445,cypress-io_cypress_3647,0,0,1,0,0,0,0,0,0,0,0,0
30446,cypress-io_cypress_3648,0,0,1,0,0,0,0,0,0,0,0,0
30460,cypress-io_cypress_3663,0,0,1,0,0,0,0,0,0,0,0,0
30473,cypress-io_cypress_368,0,0,1,0,0,0,0,0,0,0,0,0
30477,cypress-io_cypress_3686,0,0,1,0,0,0,0,0,0,0,0,0
30503,cypress-io_cypress_3717,0,0,1,0,0,0,0,0,0,0,0,0
30525,cypress-io_cypress_3738,0,0,1,0,0,0,0,0,0,0,0,0
30579,cypress-io_cypress_3830,0,0,1,0,0,0,0,0,0,0,0,0
30596,cypress-io_cypress_3847,0,0,1,0,0,0,0,0,0,0,0,0
30703,cypress-io_cypress_3982,0,0,1,0,0,0,0,0,0,0,0,0
30732,cypress-io_cypress_4017,0,0,1,0,0,0,0,0,0,0,0,0
30738,cypress-io_cypress_4022,0,0,1,0,0,0,0,0,0,0,0,0
30785,cypress-io_cypress_4100,0,0,1,0,0,0,0,0,0,0,0,0
30829,cypress-io_cypress_4181,0,0,1,0,0,0,0,0,0,0,0,0
30837,cypress-io_cypress_4194,0,0,1,0,0,0,0,0,0,0,0,0
30842,cypress-io_cypress_420,0,0,1,0,0,0,0,0,0,0,0,0
30858,cypress-io_cypress_4229,0,0,1,0,0,0,0,0,0,0,0,0
30873,cypress-io_cypress_4249,0,0,1,0,0,0,0,0,0,0,0,0
30925,cypress-io_cypress_4304,0,0,1,0,0,0,0,0,0,0,0,0
30930,cypress-io_cypress_4310,0,0,1,0,0,0,0,0,0,0,0,0
30932,cypress-io_cypress_4312,0,0,1,0,0,0,0,0,0,0,0,0
30938,cypress-io_cypress_4319,0,0,1,0,0,0,0,0,0,0,0,0
30993,cypress-io_cypress_4399,0,0,1,0,0,0,0,0,0,0,0,0
30996,cypress-io_cypress_4400,0,0,1,0,0,0,0,0,0,0,0,0
31008,cypress-io_cypress_4414,0,0,1,0,0,0,0,0,0,0,0,0
31029,cypress-io_cypress_4444,0,0,1,0,0,0,0,0,0,0,0,0
31093,cypress-io_cypress_4537,0,0,1,0,0,0,0,0,0,0,0,0
31145,cypress-io_cypress_4612,0,0,1,0,0,0,0,0,0,0,0,0
31157,cypress-io_cypress_4629,0,0,1,0,0,0,0,0,0,0,0,0
31163,cypress-io_cypress_4634,0,0,1,0,0,0,0,0,0,0,0,0
31277,cypress-io_cypress_480,0,0,1,0,0,0,0,0,0,0,0,0
31280,cypress-io_cypress_4803,0,0,1,0,0,0,0,0,0,0,0,0
31310,cypress-io_cypress_4856,0,0,1,0,0,0,0,0,0,0,0,0
31315,cypress-io_cypress_4864,0,0,1,0,0,0,0,0,0,0,0,0
31327,cypress-io_cypress_4880,0,0,1,0,0,0,0,0,0,0,0,0
31335,cypress-io_cypress_4889,0,0,1,0,0,0,0,0,0,0,0,0
31341,cypress-io_cypress_4897,0,0,1,0,0,0,0,0,0,0,0,0
31369,cypress-io_cypress_4934,0,0,1,0,0,0,0,0,0,0,0,0
31392,cypress-io_cypress_496,0,0,1,0,0,0,0,0,0,0,0,0
31424,cypress-io_cypress_4998,0,0,1,0,0,0,0,0,0,0,0,0
31494,cypress-io_cypress_5069,0,0,1,0,0,0,0,0,0,0,0,0
31530,cypress-io_cypress_5112,0,0,1,0,0,0,0,0,0,0,0,0
31564,cypress-io_cypress_5154,0,0,1,0,0,0,0,0,0,0,0,0
31582,cypress-io_cypress_5178,0,0,1,0,0,0,0,0,0,0,0,0
31594,cypress-io_cypress_5190,0,0,1,0,0,0,0,0,0,0,0,0
31634,cypress-io_cypress_5245,0,0,1,0,0,0,0,0,0,0,0,0
31642,cypress-io_cypress_526,0,0,1,0,0,0,0,0,0,0,0,0
31648,cypress-io_cypress_5267,0,0,1,0,0,0,0,0,0,0,0,0
31717,cypress-io_cypress_5365,0,0,1,0,0,0,0,0,0,0,0,0
31727,cypress-io_cypress_5379,0,0,1,0,0,0,0,0,0,0,0,0
31758,cypress-io_cypress_5417,0,0,1,0,0,0,0,0,0,0,0,0
31767,cypress-io_cypress_5430,0,0,1,0,0,0,0,0,0,0,0,0
31782,cypress-io_cypress_5446,0,0,1,0,0,0,0,0,0,0,0,0
31784,cypress-io_cypress_5449,0,0,1,0,0,0,0,0,0,0,0,0
31793,cypress-io_cypress_5463,0,0,1,0,0,0,0,0,0,0,0,0
31802,cypress-io_cypress_5471,0,0,1,0,0,0,0,0,0,0,0,0
31804,cypress-io_cypress_5474,0,0,1,0,0,0,0,0,0,0,0,0
31820,cypress-io_cypress_5499,0,0,1,0,0,0,0,0,0,0,0,0
31850,cypress-io_cypress_5535,0,0,1,0,0,0,0,0,0,0,0,0
31895,cypress-io_cypress_560,0,0,1,0,0,0,0,0,0,0,0,0
31991,cypress-io_cypress_5722,0,0,1,0,0,0,0,0,0,0,0,0
32007,cypress-io_cypress_5743,0,0,1,0,0,0,0,0,0,0,0,0
32034,cypress-io_cypress_5774,0,0,1,0,0,0,0,0,0,0,0,0
32036,cypress-io_cypress_5777,0,0,1,0,0,0,0,0,0,0,0,0
32037,cypress-io_cypress_5778,0,0,1,0,0,0,0,0,0,0,0,0
32047,cypress-io_cypress_5789,0,0,1,0,0,0,0,0,0,0,0,0
32079,cypress-io_cypress_5825,0,0,1,0,0,0,0,0,0,0,0,0
32083,cypress-io_cypress_5829,0,0,1,0,0,0,0,0,0,0,0,0
32091,cypress-io_cypress_5836,0,0,1,0,0,0,0,0,0,0,0,0
32102,cypress-io_cypress_5847,0,0,1,0,0,0,0,0,0,0,0,0
32148,cypress-io_cypress_5910,0,0,1,0,0,0,0,0,0,0,0,0
32216,cypress-io_cypress_599,0,0,1,0,0,0,0,0,0,0,0,0
32227,cypress-io_cypress_6002,0,0,1,0,0,0,0,0,0,0,0,0
32312,cypress-io_cypress_6112,0,0,1,0,0,0,0,0,0,0,0,0
32334,cypress-io_cypress_6142,0,0,1,0,0,0,0,0,0,0,0,0
32397,cypress-io_cypress_6213,0,0,1,0,0,0,0,0,0,0,0,0
32399,cypress-io_cypress_6215,0,0,1,0,0,0,0,0,0,0,0,0
32408,cypress-io_cypress_6224,0,0,1,0,0,0,0,0,0,0,0,0
32420,cypress-io_cypress_6241,0,0,1,0,0,0,0,0,0,0,0,0
32490,cypress-io_cypress_6324,0,0,1,0,0,0,0,0,0,0,0,0
32527,cypress-io_cypress_6371,0,0,1,0,0,0,0,0,0,0,0,0
32565,cypress-io_cypress_6412,0,0,1,0,0,0,0,0,0,0,0,0
32662,cypress-io_cypress_6530,0,0,1,0,0,0,0,0,0,0,0,0
32666,cypress-io_cypress_6537,0,0,1,0,0,0,0,0,0,0,0,0
32888,cypress-io_cypress_841,0,0,1,0,0,0,0,0,0,0,0,0
32953,cypress-io_cypress_914,0,0,1,0,0,0,0,0,0,0,0,0
32966,cypress-io_cypress_93,0,0,1,0,0,0,0,0,0,0,0,0
32986,cypress-io_cypress_952,0,0,1,0,0,0,0,0,0,0,0,0
33002,cypress-io_cypress_972,0,0,1,0,0,0,0,0,0,0,0,0
33092,d4software_QueryTree_9,0,0,1,0,0,0,0,0,0,0,0,0
33495,decosoftware_deco-ide_199,0,0,1,0,0,0,0,0,0,0,0,0
33855,desktop_desktop_1507,0,0,1,0,0,0,0,0,0,0,0,0
33861,desktop_desktop_1520,0,0,1,0,0,0,0,0,0,0,0,0
33864,desktop_desktop_1524,0,0,1,0,0,0,0,0,0,0,0,0
33870,desktop_desktop_1532,0,0,1,0,0,0,0,0,0,0,0,0
33872,desktop_desktop_1534,0,0,1,0,0,0,0,0,0,0,0,0
33894,desktop_desktop_1557,0,0,1,0,0,0,0,0,0,0,0,0
33895,desktop_desktop_1558,0,0,1,0,0,0,0,0,0,0,0,0
33898,desktop_desktop_1564,0,0,1,0,0,0,0,0,0,0,0,0
34049,desktop_desktop_1756,0,0,1,0,0,0,0,0,0,0,0,0
34091,desktop_desktop_1818,0,0,1,0,0,0,0,0,0,0,0,0
34128,desktop_desktop_1868,0,0,1,0,0,0,0,0,0,0,0,0
34187,desktop_desktop_1960,0,0,1,0,0,0,0,0,0,0,0,0
34188,desktop_desktop_1961,0,0,1,0,0,0,0,0,0,0,0,0
34235,desktop_desktop_2041,0,0,1,0,0,0,0,0,0,0,0,0
34495,desktop_desktop_2450,0,0,1,0,0,0,0,0,0,0,0,0
34612,desktop_desktop_2623,0,0,1,0,0,0,0,0,0,0,0,0
35218,desktop_desktop_3566,0,0,1,0,0,0,0,0,0,0,0,0
35667,desktop_desktop_4272,0,0,1,0,0,0,0,0,0,0,0,0
35700,desktop_desktop_431,0,0,1,0,0,0,0,0,0,0,0,0
36217,desktop_desktop_5132,0,0,1,0,0,0,0,0,0,0,0,0
36308,desktop_desktop_5266,0,0,1,0,0,0,0,0,0,0,0,0
36320,desktop_desktop_5283,0,0,1,0,0,0,0,0,0,0,0,0
36512,desktop_desktop_5585,0,0,1,0,0,0,0,0,0,0,0,0
36675,desktop_desktop_587,0,0,1,0,0,0,0,0,0,0,0,0
36710,desktop_desktop_5923,0,0,1,0,0,0,0,0,0,0,0,0
36914,desktop_desktop_6313,0,0,1,0,0,0,0,0,0,0,0,0
37105,desktop_desktop_6600,0,0,1,0,0,0,0,0,0,0,0,0
37339,desktop_desktop_6970,0,0,1,0,0,0,0,0,0,0,0,0
37344,desktop_desktop_6977,0,0,1,0,0,0,0,0,0,0,0,0
37385,desktop_desktop_7039,0,0,1,0,0,0,0,0,0,0,0,0
37442,desktop_desktop_7127,0,0,1,0,0,0,0,0,0,0,0,0
37604,desktop_desktop_7389,0,0,1,0,0,0,0,0,0,0,0,0
38245,desktop_desktop_8406,0,0,1,0,0,0,0,0,0,0,0,0
38549,desktop_desktop_882,0,0,1,0,0,0,0,0,0,0,0,0
38709,desktop_desktop_9053,0,0,1,0,0,0,0,0,0,0,0,0
39258,dothq_browser_2,0,0,1,0,0,0,0,0,0,0,0,0
39263,dothq_browser_214,0,0,1,0,0,0,0,0,0,0,0,0
40397,erkyrath_lectrote_60,0,0,1,0,0,0,0,0,0,0,0,0
40697,ethereum_mist_1025,0,0,1,0,0,0,0,0,0,0,0,0
40750,ethereum_mist_1089,0,0,1,0,0,0,0,0,0,0,0,0
40998,ethereum_mist_142,0,0,1,0,0,0,0,0,0,0,0,0
41146,ethereum_mist_1670,0,0,1,0,0,0,0,0,0,0,0,0
41287,ethereum_mist_196,0,0,1,0,0,0,0,0,0,0,0,0
41363,ethereum_mist_2141,0,0,1,0,0,0,0,0,0,0,0,0
41508,ethereum_mist_230,0,0,1,0,0,0,0,0,0,0,0,0
41640,ethereum_mist_2426,0,0,1,0,0,0,0,0,0,0,0,0
42483,ethereum_mist_3325,0,0,1,0,0,0,0,0,0,0,0,0
42874,ethereum_mist_374,0,0,1,0,0,0,0,0,0,0,0,0
43030,ethereum_mist_3938,0,0,1,0,0,0,0,0,0,0,0,0
43226,ethereum_mist_4209,0,0,1,0,0,0,0,0,0,0,0,0
43612,ethereum_mist_864,0,0,1,0,0,0,0,0,0,0,0,0
43648,ethereum_mist_907,0,0,1,0,0,0,0,0,0,0,0,0
45339,evolus_pencil_436,0,0,1,0,0,0,0,0,0,0,0,0
45501,evolus_pencil_603,0,0,1,0,0,0,0,0,0,0,0,0
47869,getstream_winds_534,0,0,1,0,0,0,0,0,0,0,0,0
47889,getstream_winds_568,0,0,1,0,0,0,0,0,0,0,0,0
48172,gilmarsquinelato_i18n-manager_35,0,0,1,0,0,0,0,0,0,0,0,0
48183,gilmarsquinelato_i18n-manager_59,0,0,1,0,0,0,0,0,0,0,0,0
48282,golemfactory_golem-electron_159,0,0,1,0,0,0,0,0,0,0,0,0
48388,golemfactory_golem-electron_51,0,0,1,0,0,0,0,0,0,0,0,0
48632,hackjutsu_Lepton_30,0,0,1,0,0,0,0,0,0,0,0,0
48687,hackjutsu_Lepton_365,0,0,1,0,0,0,0,0,0,0,0,0
48918,hainproject_hain_38,0,0,1,0,0,0,0,0,0,0,0,0
49100,hql287_Manta_135,0,0,1,0,0,0,0,0,0,0,0,0
49529,imolorhe_altair_1001,0,0,1,0,0,0,0,0,0,0,0,0
49557,imolorhe_altair_1054,0,0,1,0,0,0,0,0,0,0,0,0
49563,imolorhe_altair_1069,0,0,1,0,0,0,0,0,0,0,0,0
49579,imolorhe_altair_1091,0,0,1,0,0,0,0,0,0,0,0,0
50509,itchio_itch_1236,0,0,1,0,0,0,0,0,0,0,0,0
50613,itchio_itch_1331,0,0,1,0,0,0,0,0,0,0,0,0
50901,itchio_itch_1594,0,0,1,0,0,0,0,0,0,0,0,0
50917,itchio_itch_161,0,0,1,0,0,0,0,0,0,0,0,0
51034,itchio_itch_1717,0,0,1,0,0,0,0,0,0,0,0,0
51540,itchio_itch_2184,0,0,1,0,0,0,0,0,0,0,0,0
51569,itchio_itch_2212,0,0,1,0,0,0,0,0,0,0,0,0
51647,itchio_itch_2286,0,0,1,0,0,0,0,0,0,0,0,0
52157,itchio_itch_64,0,0,1,0,0,0,0,0,0,0,0,0
52393,itchio_itch_859,0,0,1,0,0,0,0,0,0,0,0,0
52519,itchio_itch_978,0,0,1,0,0,0,0,0,0,0,0,0
52656,james-proxy_james_165,0,0,1,0,0,0,0,0,0,0,0,0
52657,james-proxy_james_166,0,0,1,0,0,0,0,0,0,0,0,0
52703,james-proxy_james_369,0,0,1,0,0,0,0,0,0,0,0,0
52985,jamovi_jamovi_491,0,0,1,0,0,0,0,0,0,0,0,0
53012,jamovi_jamovi_526,0,0,1,0,0,0,0,0,0,0,0,0
53815,jaruba_PowderPlayer_30,0,0,1,0,0,0,0,0,0,0,0,0
53848,jaruba_PowderPlayer_66,0,0,1,0,0,0,0,0,0,0,0,0
53972,jbaron_cats_103,0,0,1,0,0,0,0,0,0,0,0,0
53986,jbaron_cats_119,0,0,1,0,0,0,0,0,0,0,0,0
54083,jbaron_cats_78,0,0,1,0,0,0,0,0,0,0,0,0
54104,jbaron_cats_99,0,0,1,0,0,0,0,0,0,0,0,0
54174,johannesjo_super-productivity_14,0,0,1,0,0,0,0,0,0,0,0,0
54279,johannesjo_super-productivity_260,0,0,1,0,0,0,0,0,0,0,0,0
54467,jyapayne_Web2Executable_125,0,0,1,0,0,0,0,0,0,0,0,0
54541,jyapayne_Web2Executable_195,0,0,1,0,0,0,0,0,0,0,0,0
55128,klaussinani_ao_28,0,0,1,0,0,0,0,0,0,0,0,0
57081,laurent22_joplin_1091,0,0,1,0,0,0,0,0,0,0,0,0
57131,laurent22_joplin_1154,0,0,1,0,0,0,0,0,0,0,0,0
57711,laurent22_joplin_1851,0,0,1,0,0,0,0,0,0,0,0,0
57762,laurent22_joplin_1938,0,0,1,0,0,0,0,0,0,0,0,0
57855,laurent22_joplin_2079,0,0,1,0,0,0,0,0,0,0,0,0
57982,laurent22_joplin_2252,0,0,1,0,0,0,0,0,0,0,0,0
58001,laurent22_joplin_2275,0,0,1,0,0,0,0,0,0,0,0,0
58099,laurent22_joplin_2405,0,0,1,0,0,0,0,0,0,0,0,0
58174,laurent22_joplin_2513,0,0,1,0,0,0,0,0,0,0,0,0
58186,laurent22_joplin_2536,0,0,1,0,0,0,0,0,0,0,0,0
58438,laurent22_joplin_47,0,0,1,0,0,0,0,0,0,0,0,0
58508,laurent22_joplin_538,0,0,1,0,0,0,0,0,0,0,0,0
58577,laurent22_joplin_613,0,0,1,0,0,0,0,0,0,0,0,0
58846,laurent22_joplin_901,0,0,1,0,0,0,0,0,0,0,0,0
58885,laurent22_joplin_952,0,0,1,0,0,0,0,0,0,0,0,0
58984,lauthieb_code-notes_92,0,0,1,0,0,0,0,0,0,0,0,0
58998,lbryio_lbry-desktop_1012,0,0,1,0,0,0,0,0,0,0,0,0
59818,lbryio_lbry-desktop_2498,0,0,1,0,0,0,0,0,0,0,0,0
60692,lbryio_lbry-desktop_505,0,0,1,0,0,0,0,0,0,0,0,0
60869,lbryio_lbry-desktop_746,0,0,1,0,0,0,0,0,0,0,0,0
60972,lbryio_lbry-desktop_900,0,0,1,0,0,0,0,0,0,0,0,0
62875,lutzroeder_netron_130,0,0,1,0,0,0,0,0,0,0,0,0
62881,lutzroeder_netron_136,0,0,1,0,0,0,0,0,0,0,0,0
62994,lutzroeder_netron_258,0,0,1,0,0,0,0,0,0,0,0,0
62999,lutzroeder_netron_262,0,0,1,0,0,0,0,0,0,0,0,0
63147,lutzroeder_netron_416,0,0,1,0,0,0,0,0,0,0,0,0
63165,lutzroeder_netron_435,0,0,1,0,0,0,0,0,0,0,0,0
63176,lutzroeder_netron_54,0,0,1,0,0,0,0,0,0,0,0,0
66527,martpie_museeks_190,0,0,1,0,0,0,0,0,0,0,0,0
67053,mattermost_desktop_32,0,0,1,0,0,0,0,0,0,0,0,0
67433,mattermost_desktop_908,0,0,1,0,0,0,0,0,0,0,0,0
67439,mattermost_desktop_917,0,0,1,0,0,0,0,0,0,0,0,0
67511,maxogden_screencat_28,0,0,1,0,0,0,0,0,0,0,0,0
67533,maxogden_screencat_65,0,0,1,0,0,0,0,0,0,0,0,0
67573,meetalva_alva_149,0,0,1,0,0,0,0,0,0,0,0,0
67575,meetalva_alva_150,0,0,1,0,0,0,0,0,0,0,0,0
67641,meetalva_alva_273,0,0,1,0,0,0,0,0,0,0,0,0
67735,meetalva_alva_630,0,0,1,0,0,0,0,0,0,0,0,0
67752,meetalva_alva_65,0,0,1,0,0,0,0,0,0,0,0,0
67759,meetalva_alva_66,0,0,1,0,0,0,0,0,0,0,0,0
67861,meowtec_Imagine_57,0,0,1,0,0,0,0,0,0,0,0,0
67886,mifi_lossless-cut_12,0,0,1,0,0,0,0,0,0,0,0,0
68005,mifi_lossless-cut_246,0,0,1,0,0,0,0,0,0,0,0,0
68208,minbrowser_min_225,0,0,1,0,0,0,0,0,0,0,0,0
68524,minbrowser_min_601,0,0,1,0,0,0,0,0,0,0,0,0
69604,mozilla_tofino_33,0,0,1,0,0,0,0,0,0,0,0,0
69655,mozilla_tofino_467,0,0,1,0,0,0,0,0,0,0,0,0
69671,mozilla_tofino_512,0,0,1,0,0,0,0,0,0,0,0,0
69708,mozilla_tofino_605,0,0,1,0,0,0,0,0,0,0,0,0
69757,mozilla_tofino_742,0,0,1,0,0,0,0,0,0,0,0,0
69958,muan_mojibar_28,0,0,1,0,0,0,0,0,0,0,0,0
69966,muan_mojibar_39,0,0,1,0,0,0,0,0,0,0,0,0
69975,muan_mojibar_49,0,0,1,0,0,0,0,0,0,0,0,0
70356,nosqlclient_nosqlclient_342,0,0,1,0,0,0,0,0,0,0,0,0
70695,notable_notable_164,0,0,1,0,0,0,0,0,0,0,0,0
70780,notable_notable_253,0,0,1,0,0,0,0,0,0,0,0,0
70812,notable_notable_287,0,0,1,0,0,0,0,0,0,0,0,0
71302,notable_notable_773,0,0,1,0,0,0,0,0,0,0,0,0
71878,nteract_nteract_1604,0,0,1,0,0,0,0,0,0,0,0,0
71888,nteract_nteract_1626,0,0,1,0,0,0,0,0,0,0,0,0
71971,nteract_nteract_1864,0,0,1,0,0,0,0,0,0,0,0,0
72063,nteract_nteract_2082,0,0,1,0,0,0,0,0,0,0,0,0
72343,nteract_nteract_3122,0,0,1,0,0,0,0,0,0,0,0,0
72369,nteract_nteract_3215,0,0,1,0,0,0,0,0,0,0,0,0
72371,nteract_nteract_3223,0,0,1,0,0,0,0,0,0,0,0,0
72588,nteract_nteract_3918,0,0,1,0,0,0,0,0,0,0,0,0
72726,nteract_nteract_4342,0,0,1,0,0,0,0,0,0,0,0,0
72736,nteract_nteract_4357,0,0,1,0,0,0,0,0,0,0,0,0
72846,nteract_nteract_4583,0,0,1,0,0,0,0,0,0,0,0,0
72894,nteract_nteract_4708,0,0,1,0,0,0,0,0,0,0,0,0
72994,nteract_nteract_576,0,0,1,0,0,0,0,0,0,0,0,0
73236,nukeop_nuclear_294,0,0,1,0,0,0,0,0,0,0,0,0
73434,nukeop_nuclear_72,0,0,1,0,0,0,0,0,0,0,0,0
73686,oliverschwendener_ueli_190,0,0,1,0,0,0,0,0,0,0,0,0
73898,open-indy_Koa11y_38,0,0,1,0,0,0,0,0,0,0,0,0
75158,particl_particl-desktop_1647,0,0,1,0,0,0,0,0,0,0,0,0
75546,patrikx3_onenote_3,0,0,1,0,0,0,0,0,0,0,0,0
75613,patrikx3_redis-ui_10,0,0,1,0,0,0,0,0,0,0,0,0
75614,patrikx3_redis-ui_11,0,0,1,0,0,0,0,0,0,0,0,0
75617,patrikx3_redis-ui_14,0,0,1,0,0,0,0,0,0,0,0,0
75621,patrikx3_redis-ui_18,0,0,1,0,0,0,0,0,0,0,0,0
75630,patrikx3_redis-ui_27,0,0,1,0,0,0,0,0,0,0,0,0
75779,phonegap_phonegap-app-desktop_160,0,0,1,0,0,0,0,0,0,0,0,0
75906,phonegap_phonegap-app-desktop_278,0,0,1,0,0,0,0,0,0,0,0,0
76223,phonegap_phonegap-app-desktop_581,0,0,1,0,0,0,0,0,0,0,0,0
76240,phonegap_phonegap-app-desktop_597,0,0,1,0,0,0,0,0,0,0,0,0
76523,phonegap_phonegap-app-desktop_869,0,0,1,0,0,0,0,0,0,0,0,0
76699,poooi_poi_1987,0,0,1,0,0,0,0,0,0,0,0,0
76882,prisma-labs_graphql-playground_1013,0,0,1,0,0,0,0,0,0,0,0,0
76896,prisma-labs_graphql-playground_1032,0,0,1,0,0,0,0,0,0,0,0,0
76947,prisma-labs_graphql-playground_1094,0,0,1,0,0,0,0,0,0,0,0,0
77084,prisma-labs_graphql-playground_231,0,0,1,0,0,0,0,0,0,0,0,0
77238,prisma-labs_graphql-playground_399,0,0,1,0,0,0,0,0,0,0,0,0
77276,prisma-labs_graphql-playground_530,0,0,1,0,0,0,0,0,0,0,0,0
77321,prisma-labs_graphql-playground_601,0,0,1,0,0,0,0,0,0,0,0,0
77358,prisma-labs_graphql-playground_643,0,0,1,0,0,0,0,0,0,0,0,0
77559,prisma-labs_graphql-playground_932,0,0,1,0,0,0,0,0,0,0,0,0
77590,prisma-labs_graphql-playground_975,0,0,1,0,0,0,0,0,0,0,0,0
78220,ramboxapp_community-edition_1300,0,0,1,0,0,0,0,0,0,0,0,0
78250,ramboxapp_community-edition_1331,0,0,1,0,0,0,0,0,0,0,0,0
78557,ramboxapp_community-edition_1656,0,0,1,0,0,0,0,0,0,0,0,0
78876,ramboxapp_community-edition_1984,0,0,1,0,0,0,0,0,0,0,0,0
79144,ramboxapp_community-edition_2262,0,0,1,0,0,0,0,0,0,0,0,0
79284,ramboxapp_community-edition_2400,0,0,1,0,0,0,0,0,0,0,0,0
79747,ramboxapp_community-edition_521,0,0,1,0,0,0,0,0,0,0,0,0
79847,ramboxapp_community-edition_622,0,0,1,0,0,0,0,0,0,0,0,0
79853,ramboxapp_community-edition_628,0,0,1,0,0,0,0,0,0,0,0,0
79963,ramboxapp_community-edition_738,0,0,1,0,0,0,0,0,0,0,0,0
80781,rkclark_pullp_93,0,0,1,0,0,0,0,0,0,0,0,0
80931,s-a_iron-node_111,0,0,1,0,0,0,0,0,0,0,0,0
81016,s-a_iron-node_74,0,0,1,0,0,0,0,0,0,0,0,0
81371,sciencefair-land_sciencefair_107,0,0,1,0,0,0,0,0,0,0,0,0
81472,sciencefair-land_sciencefair_81,0,0,1,0,0,0,0,0,0,0,0,0
81486,sciencefair-land_sciencefair_94,0,0,1,0,0,0,0,0,0,0,0,0
81535,scout-app_scout-app_14,0,0,1,0,0,0,0,0,0,0,0,0
81624,scout-app_scout-app_222,0,0,1,0,0,0,0,0,0,0,0,0
81796,scout-app_scout-app_395,0,0,1,0,0,0,0,0,0,0,0,0
81808,scout-app_scout-app_406,0,0,1,0,0,0,0,0,0,0,0,0
81831,scout-app_scout-app_50,0,0,1,0,0,0,0,0,0,0,0,0
81837,scout-app_scout-app_56,0,0,1,0,0,0,0,0,0,0,0,0
82088,sedwards2009_extraterm_7,0,0,1,0,0,0,0,0,0,0,0,0
82193,sentialx_multrin_87,0,0,1,0,0,0,0,0,0,0,0,0
82229,seokju-na_geeks-diary_144,0,0,1,0,0,0,0,0,0,0,0,0
82431,signalapp_Signal-Desktop_1122,0,0,1,0,0,0,0,0,0,0,0,0
82439,signalapp_Signal-Desktop_113,0,0,1,0,0,0,0,0,0,0,0,0
82565,signalapp_Signal-Desktop_1370,0,0,1,0,0,0,0,0,0,0,0,0
82690,signalapp_Signal-Desktop_1588,0,0,1,0,0,0,0,0,0,0,0,0
82720,signalapp_Signal-Desktop_1626,0,0,1,0,0,0,0,0,0,0,0,0
82784,signalapp_Signal-Desktop_1692,0,0,1,0,0,0,0,0,0,0,0,0
82933,signalapp_Signal-Desktop_1886,0,0,1,0,0,0,0,0,0,0,0,0
83118,signalapp_Signal-Desktop_212,0,0,1,0,0,0,0,0,0,0,0,0
83152,signalapp_Signal-Desktop_2163,0,0,1,0,0,0,0,0,0,0,0,0
83718,signalapp_Signal-Desktop_2785,0,0,1,0,0,0,0,0,0,0,0,0
83879,signalapp_Signal-Desktop_2936,0,0,1,0,0,0,0,0,0,0,0,0
84033,signalapp_Signal-Desktop_3107,0,0,1,0,0,0,0,0,0,0,0,0
84044,signalapp_Signal-Desktop_3117,0,0,1,0,0,0,0,0,0,0,0,0
84045,signalapp_Signal-Desktop_3118,0,0,1,0,0,0,0,0,0,0,0,0
84174,signalapp_Signal-Desktop_3243,0,0,1,0,0,0,0,0,0,0,0,0
84179,signalapp_Signal-Desktop_3248,0,0,1,0,0,0,0,0,0,0,0,0
84185,signalapp_Signal-Desktop_3253,0,0,1,0,0,0,0,0,0,0,0,0
84211,signalapp_Signal-Desktop_3277,0,0,1,0,0,0,0,0,0,0,0,0
84322,signalapp_Signal-Desktop_3389,0,0,1,0,0,0,0,0,0,0,0,0
84439,signalapp_Signal-Desktop_3507,0,0,1,0,0,0,0,0,0,0,0,0
84475,signalapp_Signal-Desktop_3543,0,0,1,0,0,0,0,0,0,0,0,0
84520,signalapp_Signal-Desktop_3585,0,0,1,0,0,0,0,0,0,0,0,0
84523,signalapp_Signal-Desktop_3588,0,0,1,0,0,0,0,0,0,0,0,0
84648,signalapp_Signal-Desktop_371,0,0,1,0,0,0,0,0,0,0,0,0
84824,signalapp_Signal-Desktop_3879,0,0,1,0,0,0,0,0,0,0,0,0
84830,signalapp_Signal-Desktop_3884,0,0,1,0,0,0,0,0,0,0,0,0
85552,sindresorhus_caprine_1065,0,0,1,0,0,0,0,0,0,0,0,0
85896,sindresorhus_caprine_359,0,0,1,0,0,0,0,0,0,0,0,0
86051,sindresorhus_caprine_569,0,0,1,0,0,0,0,0,0,0,0,0
86361,sindresorhus_caprine_966,0,0,1,0,0,0,0,0,0,0,0,0
86573,slate_slate_82,0,0,1,0,0,0,0,0,0,0,0,0
86582,slate_slate_92,0,0,1,0,0,0,0,0,0,0,0,0
87519,ssbc_patchwork_1000,0,0,1,0,0,0,0,0,0,0,0,0
87615,ssbc_patchwork_116,0,0,1,0,0,0,0,0,0,0,0,0
87620,ssbc_patchwork_117,0,0,1,0,0,0,0,0,0,0,0,0
87624,ssbc_patchwork_118,0,0,1,0,0,0,0,0,0,0,0,0
87632,ssbc_patchwork_119,0,0,1,0,0,0,0,0,0,0,0,0
87676,ssbc_patchwork_131,0,0,1,0,0,0,0,0,0,0,0,0
87680,ssbc_patchwork_14,0,0,1,0,0,0,0,0,0,0,0,0
87682,ssbc_patchwork_141,0,0,1,0,0,0,0,0,0,0,0,0
87690,ssbc_patchwork_152,0,0,1,0,0,0,0,0,0,0,0,0
87699,ssbc_patchwork_168,0,0,1,0,0,0,0,0,0,0,0,0
87823,ssbc_patchwork_415,0,0,1,0,0,0,0,0,0,0,0,0
87839,ssbc_patchwork_439,0,0,1,0,0,0,0,0,0,0,0,0
87853,ssbc_patchwork_46,0,0,1,0,0,0,0,0,0,0,0,0
87859,ssbc_patchwork_466,0,0,1,0,0,0,0,0,0,0,0,0
87894,ssbc_patchwork_50,0,0,1,0,0,0,0,0,0,0,0,0
87896,ssbc_patchwork_503,0,0,1,0,0,0,0,0,0,0,0,0
87931,ssbc_patchwork_560,0,0,1,0,0,0,0,0,0,0,0,0
88034,ssbc_patchwork_682,0,0,1,0,0,0,0,0,0,0,0,0
88217,ssbc_patchwork_936,0,0,1,0,0,0,0,0,0,0,0,0
88242,ssbc_patchwork_973,0,0,1,0,0,0,0,0,0,0,0,0
88247,ssbc_patchwork_986,0,0,1,0,0,0,0,0,0,0,0,0
89568,terkelg_ramme_184,0,0,1,0,0,0,0,0,0,0,0,0
89822,trazyn_ieaseMusic_116,0,0,1,0,0,0,0,0,0,0,0,0
89823,trazyn_ieaseMusic_120,0,0,1,0,0,0,0,0,0,0,0,0
89864,trazyn_weweChat_193,0,0,1,0,0,0,0,0,0,0,0,0
90381,vector-im_riot-web_10232,0,0,1,0,0,0,0,0,0,0,0,0
90492,vector-im_riot-web_10344,0,0,1,0,0,0,0,0,0,0,0,0
91138,vector-im_riot-web_10968,0,0,1,0,0,0,0,0,0,0,0,0
91236,vector-im_riot-web_11069,0,0,1,0,0,0,0,0,0,0,0,0
91243,vector-im_riot-web_11076,0,0,1,0,0,0,0,0,0,0,0,0
91245,vector-im_riot-web_11078,0,0,1,0,0,0,0,0,0,0,0,0
91249,vector-im_riot-web_11081,0,0,1,0,0,0,0,0,0,0,0,0
91277,vector-im_riot-web_11110,0,0,1,0,0,0,0,0,0,0,0,0
91430,vector-im_riot-web_11268,0,0,1,0,0,0,0,0,0,0,0,0
91461,vector-im_riot-web_11297,0,0,1,0,0,0,0,0,0,0,0,0
91503,vector-im_riot-web_11345,0,0,1,0,0,0,0,0,0,0,0,0
91660,vector-im_riot-web_11507,0,0,1,0,0,0,0,0,0,0,0,0
91853,vector-im_riot-web_11706,0,0,1,0,0,0,0,0,0,0,0,0
92000,vector-im_riot-web_1186,0,0,1,0,0,0,0,0,0,0,0,0
92162,vector-im_riot-web_1203,0,0,1,0,0,0,0,0,0,0,0,0
92175,vector-im_riot-web_12041,0,0,1,0,0,0,0,0,0,0,0,0
92193,vector-im_riot-web_12059,0,0,1,0,0,0,0,0,0,0,0,0
92234,vector-im_riot-web_12098,0,0,1,0,0,0,0,0,0,0,0,0
92468,vector-im_riot-web_12319,0,0,1,0,0,0,0,0,0,0,0,0
92619,vector-im_riot-web_12461,0,0,1,0,0,0,0,0,0,0,0,0
92823,vector-im_riot-web_134,0,0,1,0,0,0,0,0,0,0,0,0
92971,vector-im_riot-web_1484,0,0,1,0,0,0,0,0,0,0,0,0
93138,vector-im_riot-web_1647,0,0,1,0,0,0,0,0,0,0,0,0
93151,vector-im_riot-web_166,0,0,1,0,0,0,0,0,0,0,0,0
93426,vector-im_riot-web_1952,0,0,1,0,0,0,0,0,0,0,0,0
94024,vector-im_riot-web_2585,0,0,1,0,0,0,0,0,0,0,0,0
94210,vector-im_riot-web_2788,0,0,1,0,0,0,0,0,0,0,0,0
95154,vector-im_riot-web_3788,0,0,1,0,0,0,0,0,0,0,0,0
95447,vector-im_riot-web_4166,0,0,1,0,0,0,0,0,0,0,0,0
96046,vector-im_riot-web_4851,0,0,1,0,0,0,0,0,0,0,0,0
96671,vector-im_riot-web_5513,0,0,1,0,0,0,0,0,0,0,0,0
96897,vector-im_riot-web_5749,0,0,1,0,0,0,0,0,0,0,0,0
97040,vector-im_riot-web_5893,0,0,1,0,0,0,0,0,0,0,0,0
97636,vector-im_riot-web_6515,0,0,1,0,0,0,0,0,0,0,0,0
98996,vector-im_riot-web_7852,0,0,1,0,0,0,0,0,0,0,0,0
99856,vector-im_riot-web_8696,0,0,1,0,0,0,0,0,0,0,0,0
99860,vector-im_riot-web_87,0,0,1,0,0,0,0,0,0,0,0,0
100115,vector-im_riot-web_894,0,0,1,0,0,0,0,0,0,0,0,0
100171,vector-im_riot-web_8995,0,0,1,0,0,0,0,0,0,0,0,0
100348,vector-im_riot-web_9171,0,0,1,0,0,0,0,0,0,0,0,0
100524,vector-im_riot-web_9345,0,0,1,0,0,0,0,0,0,0,0,0
100525,vector-im_riot-web_9346,0,0,1,0,0,0,0,0,0,0,0,0
100584,vector-im_riot-web_9406,0,0,1,0,0,0,0,0,0,0,0,0
101285,vincelwt_harmony_2,0,0,1,0,0,0,0,0,0,0,0,0
101397,vincelwt_harmony_90,0,0,1,0,0,0,0,0,0,0,0,0
101654,webtorrent_webtorrent-desktop_1015,0,0,1,0,0,0,0,0,0,0,0,0
101656,webtorrent_webtorrent-desktop_1018,0,0,1,0,0,0,0,0,0,0,0,0
101665,webtorrent_webtorrent-desktop_1030,0,0,1,0,0,0,0,0,0,0,0,0
101666,webtorrent_webtorrent-desktop_1031,0,0,1,0,0,0,0,0,0,0,0,0
101668,webtorrent_webtorrent-desktop_1033,0,0,1,0,0,0,0,0,0,0,0,0
101669,webtorrent_webtorrent-desktop_1034,0,0,1,0,0,0,0,0,0,0,0,0
101670,webtorrent_webtorrent-desktop_1035,0,0,1,0,0,0,0,0,0,0,0,0
101671,webtorrent_webtorrent-desktop_1036,0,0,1,0,0,0,0,0,0,0,0,0
101672,webtorrent_webtorrent-desktop_1037,0,0,1,0,0,0,0,0,0,0,0,0
101704,webtorrent_webtorrent-desktop_1077,0,0,1,0,0,0,0,0,0,0,0,0
101872,webtorrent_webtorrent-desktop_128,0,0,1,0,0,0,0,0,0,0,0,0
101877,webtorrent_webtorrent-desktop_1287,0,0,1,0,0,0,0,0,0,0,0,0
101900,webtorrent_webtorrent-desktop_1314,0,0,1,0,0,0,0,0,0,0,0,0
101901,webtorrent_webtorrent-desktop_1315,0,0,1,0,0,0,0,0,0,0,0,0
101920,webtorrent_webtorrent-desktop_1339,0,0,1,0,0,0,0,0,0,0,0,0
102240,webtorrent_webtorrent-desktop_296,0,0,1,0,0,0,0,0,0,0,0,0
102298,webtorrent_webtorrent-desktop_392,0,0,1,0,0,0,0,0,0,0,0,0
102336,webtorrent_webtorrent-desktop_472,0,0,1,0,0,0,0,0,0,0,0,0
102368,webtorrent_webtorrent-desktop_539,0,0,1,0,0,0,0,0,0,0,0,0
102448,webtorrent_webtorrent-desktop_695,0,0,1,0,0,0,0,0,0,0,0,0
102508,webtorrent_webtorrent-desktop_799,0,0,1,0,0,0,0,0,0,0,0,0
102509,webtorrent_webtorrent-desktop_800,0,0,1,0,0,0,0,0,0,0,0,0
102510,webtorrent_webtorrent-desktop_801,0,0,1,0,0,0,0,0,0,0,0,0
102511,webtorrent_webtorrent-desktop_803,0,0,1,0,0,0,0,0,0,0,0,0
102529,webtorrent_webtorrent-desktop_85,0,0,1,0,0,0,0,0,0,0,0,0
102533,webtorrent_webtorrent-desktop_854,0,0,1,0,0,0,0,0,0,0,0,0
102542,webtorrent_webtorrent-desktop_873,0,0,1,0,0,0,0,0,0,0,0,0
102552,webtorrent_webtorrent-desktop_889,0,0,1,0,0,0,0,0,0,0,0,0
102554,webtorrent_webtorrent-desktop_890,0,0,1,0,0,0,0,0,0,0,0,0
102555,webtorrent_webtorrent-desktop_891,0,0,1,0,0,0,0,0,0,0,0,0
102556,webtorrent_webtorrent-desktop_892,0,0,1,0,0,0,0,0,0,0,0,0
102714,wexond_desktop_229,0,0,1,0,0,0,0,0,0,0,0,0
102997,willyb321_elite-journal_47,0,0,1,0,0,0,0,0,0,0,0,0
103630,wireapp_wire-desktop_528,0,0,1,0,0,0,0,0,0,0,0,0
103778,wireapp_wire-desktop_766,0,0,1,0,0,0,0,0,0,0,0,0
104100,wulkano_kap_410,0,0,1,0,0,0,0,0,0,0,0,0
104221,wulkano_kap_595,0,0,1,0,0,0,0,0,0,0,0,0
104222,wulkano_kap_596,0,0,1,0,0,0,0,0,0,0,0,0
104267,wulkano_kap_669,0,0,1,0,0,0,0,0,0,0,0,0
